C/C,N/C,O/C,S/C,C/N,N/N,O/N,S/N,C/O,N/O,O/O,S/O,C/S,N/S,O/S,S/S,C/P,N/P,O/P,S/P,C/F,N/F,O/F,S/F,C/Cl,N/Cl,O/Cl,S/Cl,C/Br,N/Br,O/Br,S/Br,C/I,N/I,O/I,S/I,gauss1(inter),gauss2(inter),repulsion(inter),hydrophobic(inter),Hydrogen(inter)
1179.0000,276.0000,325.0000,23.0000,643.0000,139.0000,162.0000,11.0000,0.0000,0.0000,0.0000,0.0000,0.0000,0.0000,0.0000,0.0000,0.0000,0.0000,0.0000,0.0000,0.0000,0.0000,0.0000,0.0000,0.0000,0.0000,0.0000,0.0000,0.0000,0.0000,0.0000,0.0000,0.0000,0.0000,0.0000,0.0000,40.8312,517.2429,0.6213,20.1716,1.4723
1580.0000,358.0000,408.0000,27.0000,595.0000,142.0000,162.0000,11.0000,0.0000,0.0000,0.0000,0.0000,0.0000,0.0000,0.0000,0.0000,0.0000,0.0000,0.0000,0.0000,0.0000,0.0000,0.0000,0.0000,224.0000,47.0000,55.0000,4.0000,0.0000,0.0000,0.0000,0.0000,0.0000,0.0000,0.0000,0.0000,55.4697,664.1578,0.8969,38.2373,0.4295
3014.0000,674.0000,784.0000,51.0000,966.0000,224.0000,259.0000,18.0000,145.0000,31.0000,34.0000,3.0000,0.0000,0.0000,0.0000,0.0000,0.0000,0.0000,0.0000,0.0000,0.0000,0.0000,0.0000,0.0000,0.0000,0.0000,0.0000,0.0000,0.0000,0.0000,0.0000,0.0000,0.0000,0.0000,0.0000,0.0000,62.2894,1038.4451,1.0445,38.0581,1.3843
3380.0000,780.0000,911.0000,60.0000,808.0000,183.0000,213.0000,14.0000,354.0000,85.0000,98.0000,5.0000,0.0000,0.0000,0.0000,0.0000,0.0000,0.0000,0.0000,0.0000,0.0000,0.0000,0.0000,0.0000,0.0000,0.0000,0.0000,0.0000,0.0000,0.0000,0.0000,0.0000,0.0000,0.0000,0.0000,0.0000,79.7331,1168.0901,2.4864,51.8570,1.2620
4003.0000,914.0000,1026.0000,65.0000,951.0000,223.0000,251.0000,17.0000,184.0000,42.0000,45.0000,2.0000,198.0000,49.0000,57.0000,3.0000,0.0000,0.0000,0.0000,0.0000,0.0000,0.0000,0.0000,0.0000,218.0000,52.0000,57.0000,4.0000,0.0000,0.0000,0.0000,0.0000,0.0000,0.0000,0.0000,0.0000,135.3213,1718.6926,2.7726,59.2160,1.1730
2145.0000,512.0000,802.0000,0.0000,564.0000,124.0000,190.0000,0.0000,146.0000,32.0000,54.0000,0.0000,0.0000,0.0000,0.0000,0.0000,0.0000,0.0000,0.0000,0.0000,0.0000,0.0000,0.0000,0.0000,0.0000,0.0000,0.0000,0.0000,0.0000,0.0000,0.0000,0.0000,0.0000,0.0000,0.0000,0.0000,70.3785,903.8392,2.9239,40.3691,3.3757
4262.0000,986.0000,1598.0000,0.0000,479.0000,113.0000,176.0000,0.0000,310.0000,66.0000,113.0000,0.0000,151.0000,35.0000,53.0000,0.0000,0.0000,0.0000,0.0000,0.0000,0.0000,0.0000,0.0000,0.0000,0.0000,0.0000,0.0000,0.0000,0.0000,0.0000,0.0000,0.0000,0.0000,0.0000,0.0000,0.0000,112.4790,1574.9810,2.7036,59.8769,3.0489
6073.0000,1455.0000,2267.0000,0.0000,954.0000,214.0000,334.0000,0.0000,785.0000,182.0000,290.0000,0.0000,0.0000,0.0000,0.0000,0.0000,0.0000,0.0000,0.0000,0.0000,0.0000,0.0000,0.0000,0.0000,0.0000,0.0000,0.0000,0.0000,0.0000,0.0000,0.0000,0.0000,0.0000,0.0000,0.0000,0.0000,132.3584,2282.5657,4.8764,87.9904,6.9050
5814.0000,1355.0000,2166.0000,0.0000,902.0000,199.0000,327.0000,0.0000,822.0000,187.0000,297.0000,0.0000,322.0000,75.0000,121.0000,0.0000,0.0000,0.0000,0.0000,0.0000,0.0000,0.0000,0.0000,0.0000,0.0000,0.0000,0.0000,0.0000,0.0000,0.0000,0.0000,0.0000,0.0000,0.0000,0.0000,0.0000,135.2693,2331.7556,5.6289,62.5858,6.2767
6112.0000,1415.0000,2268.0000,0.0000,1572.0000,356.0000,553.0000,1.0000,1177.0000,258.0000,437.0000,0.0000,138.0000,34.0000,55.0000,0.0000,0.0000,0.0000,0.0000,0.0000,0.0000,0.0000,0.0000,0.0000,0.0000,0.0000,0.0000,0.0000,0.0000,0.0000,0.0000,0.0000,0.0000,0.0000,0.0000,0.0000,130.2822,2532.1294,3.9428,44.9425,5.2505
3139.0000,691.0000,745.0000,70.0000,989.0000,219.0000,247.0000,24.0000,599.0000,124.0000,134.0000,14.0000,0.0000,0.0000,0.0000,0.0000,0.0000,0.0000,0.0000,0.0000,0.0000,0.0000,0.0000,0.0000,0.0000,0.0000,0.0000,0.0000,0.0000,0.0000,0.0000,0.0000,0.0000,0.0000,0.0000,0.0000,123.3006,1536.5181,5.0238,49.0142,5.5670
2314.0000,637.0000,687.0000,30.0000,846.0000,222.0000,236.0000,13.0000,319.0000,81.0000,94.0000,4.0000,0.0000,0.0000,0.0000,0.0000,0.0000,0.0000,0.0000,0.0000,0.0000,0.0000,0.0000,0.0000,0.0000,0.0000,0.0000,0.0000,0.0000,0.0000,0.0000,0.0000,0.0000,0.0000,0.0000,0.0000,79.3124,1065.3158,2.9360,17.8345,3.4778
3449.0000,945.0000,1005.0000,61.0000,680.0000,181.0000,193.0000,12.0000,243.0000,71.0000,76.0000,3.0000,317.0000,87.0000,90.0000,5.0000,0.0000,0.0000,0.0000,0.0000,0.0000,0.0000,0.0000,0.0000,0.0000,0.0000,0.0000,0.0000,0.0000,0.0000,0.0000,0.0000,0.0000,0.0000,0.0000,0.0000,83.4166,1406.6886,3.1092,50.1076,1.9225
2864.0000,727.0000,810.0000,69.0000,660.0000,165.0000,178.0000,11.0000,265.0000,76.0000,85.0000,8.0000,75.0000,22.0000,22.0000,2.0000,0.0000,0.0000,0.0000,0.0000,0.0000,0.0000,0.0000,0.0000,0.0000,0.0000,0.0000,0.0000,0.0000,0.0000,0.0000,0.0000,0.0000,0.0000,0.0000,0.0000,81.3256,1201.7825,4.1517,56.5851,2.2267
3647.0000,953.0000,1012.0000,54.0000,836.0000,224.0000,240.0000,11.0000,423.0000,112.0000,121.0000,6.0000,111.0000,30.0000,33.0000,2.0000,0.0000,0.0000,0.0000,0.0000,415.0000,99.0000,104.0000,9.0000,0.0000,0.0000,0.0000,0.0000,0.0000,0.0000,0.0000,0.0000,0.0000,0.0000,0.0000,0.0000,108.1382,1737.6652,2.4962,85.6862,1.0513
1693.0000,480.0000,545.0000,43.0000,506.0000,151.0000,162.0000,13.0000,0.0000,0.0000,0.0000,0.0000,0.0000,0.0000,0.0000,0.0000,0.0000,0.0000,0.0000,0.0000,0.0000,0.0000,0.0000,0.0000,0.0000,0.0000,0.0000,0.0000,0.0000,0.0000,0.0000,0.0000,0.0000,0.0000,0.0000,0.0000,65.4274,753.1176,1.0779,8.3655,0.9270
4214.0000,1243.0000,1298.0000,106.0000,823.0000,244.0000,257.0000,19.0000,507.0000,167.0000,151.0000,12.0000,0.0000,0.0000,0.0000,0.0000,0.0000,0.0000,0.0000,0.0000,0.0000,0.0000,0.0000,0.0000,0.0000,0.0000,0.0000,0.0000,0.0000,0.0000,0.0000,0.0000,0.0000,0.0000,0.0000,0.0000,110.0865,1833.2264,3.8219,26.2234,4.9237
4195.0000,1182.0000,1274.0000,125.0000,1367.0000,396.0000,428.0000,36.0000,179.0000,55.0000,54.0000,4.0000,0.0000,0.0000,0.0000,0.0000,0.0000,0.0000,0.0000,0.0000,0.0000,0.0000,0.0000,0.0000,210.0000,55.0000,59.0000,7.0000,0.0000,0.0000,0.0000,0.0000,0.0000,0.0000,0.0000,0.0000,163.3330,1934.6379,4.4000,24.8475,4.2007
3969.0000,1147.0000,1218.0000,110.0000,1322.0000,395.0000,421.0000,30.0000,312.0000,103.0000,98.0000,8.0000,0.0000,0.0000,0.0000,0.0000,0.0000,0.0000,0.0000,0.0000,0.0000,0.0000,0.0000,0.0000,215.0000,56.0000,64.0000,7.0000,0.0000,0.0000,0.0000,0.0000,0.0000,0.0000,0.0000,0.0000,150.2469,1927.8730,4.3784,26.7630,3.8199
3839.0000,1132.0000,1191.0000,101.0000,959.0000,299.0000,307.0000,23.0000,176.0000,58.0000,59.0000,4.0000,0.0000,0.0000,0.0000,0.0000,0.0000,0.0000,0.0000,0.0000,0.0000,0.0000,0.0000,0.0000,101.0000,34.0000,28.0000,4.0000,0.0000,0.0000,0.0000,0.0000,0.0000,0.0000,0.0000,0.0000,119.7066,1672.0867,3.4381,23.2502,5.6576
1705.0000,449.0000,534.0000,26.0000,176.0000,48.0000,56.0000,3.0000,168.0000,43.0000,58.0000,2.0000,0.0000,0.0000,0.0000,0.0000,0.0000,0.0000,0.0000,0.0000,0.0000,0.0000,0.0000,0.0000,138.0000,36.0000,37.0000,2.0000,156.0000,38.0000,51.0000,2.0000,0.0000,0.0000,0.0000,0.0000,67.1361,873.1090,1.3618,18.6251,0.0000
2750.0000,699.0000,832.0000,40.0000,173.0000,48.0000,56.0000,3.0000,230.0000,58.0000,66.0000,3.0000,0.0000,0.0000,0.0000,0.0000,0.0000,0.0000,0.0000,0.0000,0.0000,0.0000,0.0000,0.0000,0.0000,0.0000,0.0000,0.0000,0.0000,0.0000,0.0000,0.0000,0.0000,0.0000,0.0000,0.0000,106.9916,1227.6340,1.9710,50.6641,0.0000
2042.0000,530.0000,625.0000,31.0000,174.0000,47.0000,57.0000,3.0000,231.0000,57.0000,69.0000,3.0000,0.0000,0.0000,0.0000,0.0000,0.0000,0.0000,0.0000,0.0000,0.0000,0.0000,0.0000,0.0000,0.0000,0.0000,0.0000,0.0000,0.0000,0.0000,0.0000,0.0000,158.0000,39.0000,50.0000,2.0000,88.0756,975.6196,2.1998,28.9853,1.0027
2461.0000,630.0000,753.0000,37.0000,175.0000,47.0000,56.0000,3.0000,234.0000,60.0000,68.0000,3.0000,0.0000,0.0000,0.0000,0.0000,0.0000,0.0000,0.0000,0.0000,0.0000,0.0000,0.0000,0.0000,0.0000,0.0000,0.0000,0.0000,0.0000,0.0000,0.0000,0.0000,158.0000,40.0000,49.0000,2.0000,100.5011,1156.9702,1.7849,42.2669,0.0000
2472.0000,634.0000,753.0000,37.0000,282.0000,73.0000,82.0000,4.0000,131.0000,34.0000,42.0000,2.0000,0.0000,0.0000,0.0000,0.0000,0.0000,0.0000,0.0000,0.0000,0.0000,0.0000,0.0000,0.0000,0.0000,0.0000,0.0000,0.0000,0.0000,0.0000,0.0000,0.0000,158.0000,39.0000,50.0000,2.0000,102.1919,1163.5416,1.7249,40.8822,0.4162
3948.0000,970.0000,1125.0000,0.0000,206.0000,52.0000,59.0000,0.0000,434.0000,106.0000,112.0000,1.0000,0.0000,0.0000,0.0000,0.0000,0.0000,0.0000,0.0000,0.0000,0.0000,0.0000,0.0000,0.0000,0.0000,0.0000,0.0000,0.0000,0.0000,0.0000,0.0000,0.0000,0.0000,0.0000,0.0000,0.0000,71.4478,1334.5442,1.6386,94.0989,1.7582
2013.0000,505.0000,574.0000,0.0000,397.0000,96.0000,112.0000,0.0000,220.0000,54.0000,58.0000,0.0000,222.0000,53.0000,59.0000,0.0000,0.0000,0.0000,0.0000,0.0000,0.0000,0.0000,0.0000,0.0000,377.0000,97.0000,109.0000,0.0000,0.0000,0.0000,0.0000,0.0000,0.0000,0.0000,0.0000,0.0000,57.5652,992.3633,0.7451,27.1774,0.0000
3405.0000,846.0000,974.0000,0.0000,788.0000,187.0000,226.0000,0.0000,183.0000,43.0000,51.0000,0.0000,0.0000,0.0000,0.0000,0.0000,0.0000,0.0000,0.0000,0.0000,0.0000,0.0000,0.0000,0.0000,0.0000,0.0000,0.0000,0.0000,0.0000,0.0000,0.0000,0.0000,0.0000,0.0000,0.0000,0.0000,77.8116,1287.7043,1.6097,72.3932,0.6222
3779.0000,938.0000,1117.0000,0.0000,929.0000,230.0000,267.0000,0.0000,375.0000,90.0000,105.0000,0.0000,0.0000,0.0000,0.0000,0.0000,0.0000,0.0000,0.0000,0.0000,173.0000,45.0000,51.0000,0.0000,0.0000,0.0000,0.0000,0.0000,0.0000,0.0000,0.0000,0.0000,0.0000,0.0000,0.0000,0.0000,93.3054,1577.8049,2.8370,54.4413,1.1988
4371.0000,1087.0000,1256.0000,0.0000,755.0000,188.0000,218.0000,0.0000,217.0000,53.0000,55.0000,0.0000,0.0000,0.0000,0.0000,0.0000,0.0000,0.0000,0.0000,0.0000,548.0000,136.0000,157.0000,0.0000,0.0000,0.0000,0.0000,0.0000,0.0000,0.0000,0.0000,0.0000,0.0000,0.0000,0.0000,0.0000,95.3288,1721.8279,4.0794,76.1396,3.0000
2420.0000,530.0000,549.0000,53.0000,114.0000,31.0000,32.0000,3.0000,224.0000,52.0000,53.0000,5.0000,0.0000,0.0000,0.0000,0.0000,0.0000,0.0000,0.0000,0.0000,0.0000,0.0000,0.0000,0.0000,0.0000,0.0000,0.0000,0.0000,0.0000,0.0000,0.0000,0.0000,0.0000,0.0000,0.0000,0.0000,54.8527,859.0079,0.2213,57.5051,0.0000
2863.0000,689.0000,774.0000,66.0000,579.0000,142.0000,161.0000,15.0000,301.0000,73.0000,80.0000,5.0000,0.0000,0.0000,0.0000,0.0000,0.0000,0.0000,0.0000,0.0000,713.0000,144.0000,150.0000,15.0000,0.0000,0.0000,0.0000,0.0000,0.0000,0.0000,0.0000,0.0000,0.0000,0.0000,0.0000,0.0000,77.3330,1437.9934,0.8242,55.8811,0.0000
2938.0000,674.0000,695.0000,72.0000,618.0000,152.0000,140.0000,18.0000,287.0000,73.0000,70.0000,9.0000,0.0000,0.0000,0.0000,0.0000,0.0000,0.0000,0.0000,0.0000,238.0000,49.0000,54.0000,6.0000,0.0000,0.0000,0.0000,0.0000,0.0000,0.0000,0.0000,0.0000,0.0000,0.0000,0.0000,0.0000,89.1755,1289.1077,2.5985,56.2504,1.1914
4004.0000,1034.0000,1226.0000,49.0000,947.0000,236.0000,287.0000,9.0000,551.0000,141.0000,165.0000,7.0000,0.0000,0.0000,0.0000,0.0000,0.0000,0.0000,0.0000,0.0000,0.0000,0.0000,0.0000,0.0000,0.0000,0.0000,0.0000,0.0000,0.0000,0.0000,0.0000,0.0000,0.0000,0.0000,0.0000,0.0000,90.4088,1693.0051,2.7925,39.8642,3.2270
3871.0000,1001.0000,1130.0000,46.0000,701.0000,172.0000,212.0000,6.0000,187.0000,48.0000,52.0000,1.0000,204.0000,51.0000,60.0000,3.0000,0.0000,0.0000,0.0000,0.0000,0.0000,0.0000,0.0000,0.0000,0.0000,0.0000,0.0000,0.0000,0.0000,0.0000,0.0000,0.0000,0.0000,0.0000,0.0000,0.0000,108.1929,1561.3585,6.1081,73.1080,2.3932
2142.0000,521.0000,630.0000,30.0000,778.0000,182.0000,237.0000,12.0000,0.0000,0.0000,0.0000,0.0000,204.0000,47.0000,61.0000,3.0000,0.0000,0.0000,0.0000,0.0000,0.0000,0.0000,0.0000,0.0000,214.0000,50.0000,56.0000,3.0000,0.0000,0.0000,0.0000,0.0000,0.0000,0.0000,0.0000,0.0000,86.7247,1099.4222,2.8625,12.6727,1.1024
1942.0000,486.0000,539.0000,27.0000,443.0000,108.0000,122.0000,6.0000,433.0000,110.0000,115.0000,6.0000,0.0000,0.0000,0.0000,0.0000,0.0000,0.0000,0.0000,0.0000,0.0000,0.0000,0.0000,0.0000,0.0000,0.0000,0.0000,0.0000,0.0000,0.0000,0.0000,0.0000,0.0000,0.0000,0.0000,0.0000,76.9504,859.6014,2.5921,22.4515,0.8760
2472.0000,618.0000,692.0000,36.0000,635.0000,157.0000,180.0000,9.0000,200.0000,50.0000,58.0000,3.0000,0.0000,0.0000,0.0000,0.0000,0.0000,0.0000,0.0000,0.0000,0.0000,0.0000,0.0000,0.0000,0.0000,0.0000,0.0000,0.0000,0.0000,0.0000,0.0000,0.0000,0.0000,0.0000,0.0000,0.0000,78.5985,1036.4309,2.4382,12.9888,1.9291
3466.0000,860.0000,1021.0000,51.0000,813.0000,203.0000,245.0000,12.0000,0.0000,0.0000,0.0000,0.0000,0.0000,0.0000,0.0000,0.0000,0.0000,0.0000,0.0000,0.0000,627.0000,148.0000,167.0000,9.0000,0.0000,0.0000,0.0000,0.0000,0.0000,0.0000,0.0000,0.0000,0.0000,0.0000,0.0000,0.0000,119.9525,1467.4698,3.7437,79.7613,1.8937
2531.0000,641.0000,709.0000,36.0000,652.0000,161.0000,185.0000,9.0000,209.0000,52.0000,59.0000,3.0000,0.0000,0.0000,0.0000,0.0000,0.0000,0.0000,0.0000,0.0000,0.0000,0.0000,0.0000,0.0000,0.0000,0.0000,0.0000,0.0000,210.0000,48.0000,54.0000,3.0000,0.0000,0.0000,0.0000,0.0000,97.0256,1138.4600,3.9103,20.5546,1.9072
2562.0000,701.0000,742.0000,2.0000,478.0000,135.0000,139.0000,1.0000,1366.0000,377.0000,414.0000,1.0000,0.0000,0.0000,0.0000,0.0000,0.0000,0.0000,0.0000,0.0000,0.0000,0.0000,0.0000,0.0000,0.0000,0.0000,0.0000,0.0000,0.0000,0.0000,0.0000,0.0000,0.0000,0.0000,0.0000,0.0000,85.6817,1306.8168,4.7111,20.4932,3.5947
5389.0000,1494.0000,1609.0000,3.0000,616.0000,159.0000,179.0000,0.0000,725.0000,191.0000,219.0000,0.0000,372.0000,102.0000,116.0000,0.0000,0.0000,0.0000,0.0000,0.0000,0.0000,0.0000,0.0000,0.0000,381.0000,101.0000,109.0000,0.0000,0.0000,0.0000,0.0000,0.0000,0.0000,0.0000,0.0000,0.0000,114.0314,2257.7666,7.9631,73.0756,4.2713
5934.0000,1666.0000,1737.0000,3.0000,535.0000,153.0000,157.0000,1.0000,1313.0000,356.0000,377.0000,0.0000,190.0000,54.0000,60.0000,0.0000,0.0000,0.0000,0.0000,0.0000,0.0000,0.0000,0.0000,0.0000,0.0000,0.0000,0.0000,0.0000,0.0000,0.0000,0.0000,0.0000,0.0000,0.0000,0.0000,0.0000,141.4755,2352.1394,5.4969,77.9766,7.2358
6481.0000,1821.0000,1914.0000,7.0000,350.0000,96.0000,110.0000,0.0000,1470.0000,406.0000,440.0000,0.0000,0.0000,0.0000,0.0000,0.0000,0.0000,0.0000,0.0000,0.0000,0.0000,0.0000,0.0000,0.0000,0.0000,0.0000,0.0000,0.0000,0.0000,0.0000,0.0000,0.0000,0.0000,0.0000,0.0000,0.0000,154.2404,2545.6565,5.6936,100.4329,7.9447
5336.0000,1487.0000,1600.0000,3.0000,559.0000,160.0000,166.0000,0.0000,1308.0000,353.0000,391.0000,0.0000,332.0000,93.0000,104.0000,1.0000,0.0000,0.0000,0.0000,0.0000,0.0000,0.0000,0.0000,0.0000,0.0000,0.0000,0.0000,0.0000,0.0000,0.0000,0.0000,0.0000,0.0000,0.0000,0.0000,0.0000,140.0975,2244.3049,4.8872,53.7596,5.7899
1919.0000,441.0000,518.0000,34.0000,329.0000,74.0000,83.0000,7.0000,343.0000,74.0000,92.0000,6.0000,0.0000,0.0000,0.0000,0.0000,0.0000,0.0000,0.0000,0.0000,0.0000,0.0000,0.0000,0.0000,0.0000,0.0000,0.0000,0.0000,0.0000,0.0000,0.0000,0.0000,0.0000,0.0000,0.0000,0.0000,52.5350,785.9179,0.9669,31.7830,2.0138
2573.0000,570.0000,678.0000,47.0000,760.0000,177.0000,207.0000,11.0000,0.0000,0.0000,0.0000,0.0000,0.0000,0.0000,0.0000,0.0000,0.0000,0.0000,0.0000,0.0000,0.0000,0.0000,0.0000,0.0000,114.0000,25.0000,30.0000,2.0000,0.0000,0.0000,0.0000,0.0000,0.0000,0.0000,0.0000,0.0000,66.2324,1017.8779,0.6224,61.2669,0.0000
2861.0000,631.0000,756.0000,51.0000,574.0000,129.0000,149.0000,12.0000,198.0000,47.0000,55.0000,3.0000,0.0000,0.0000,0.0000,0.0000,0.0000,0.0000,0.0000,0.0000,0.0000,0.0000,0.0000,0.0000,0.0000,0.0000,0.0000,0.0000,0.0000,0.0000,0.0000,0.0000,0.0000,0.0000,0.0000,0.0000,64.4276,981.7441,0.4002,61.7648,0.4619
3369.0000,739.0000,870.0000,57.0000,906.0000,213.0000,230.0000,15.0000,282.0000,62.0000,75.0000,6.0000,108.0000,21.0000,28.0000,2.0000,0.0000,0.0000,0.0000,0.0000,0.0000,0.0000,0.0000,0.0000,0.0000,0.0000,0.0000,0.0000,0.0000,0.0000,0.0000,0.0000,0.0000,0.0000,0.0000,0.0000,62.5787,1248.5865,1.2263,48.2439,2.1159
3123.0000,689.0000,834.0000,56.0000,875.0000,198.0000,240.0000,13.0000,238.0000,52.0000,69.0000,4.0000,0.0000,0.0000,0.0000,0.0000,0.0000,0.0000,0.0000,0.0000,0.0000,0.0000,0.0000,0.0000,88.0000,20.0000,19.0000,2.0000,0.0000,0.0000,0.0000,0.0000,0.0000,0.0000,0.0000,0.0000,80.7778,1291.3989,1.1773,61.7048,0.7432
1622.0000,421.0000,459.0000,8.0000,388.0000,103.0000,109.0000,2.0000,1191.0000,303.0000,347.0000,4.0000,0.0000,0.0000,0.0000,0.0000,0.0000,0.0000,0.0000,0.0000,0.0000,0.0000,0.0000,0.0000,0.0000,0.0000,0.0000,0.0000,0.0000,0.0000,0.0000,0.0000,0.0000,0.0000,0.0000,0.0000,91.1199,979.8383,7.1719,0.0000,10.0943
1064.0000,260.0000,306.0000,5.0000,207.0000,56.0000,57.0000,2.0000,658.0000,163.0000,188.0000,3.0000,0.0000,0.0000,0.0000,0.0000,0.0000,0.0000,0.0000,0.0000,0.0000,0.0000,0.0000,0.0000,0.0000,0.0000,0.0000,0.0000,0.0000,0.0000,0.0000,0.0000,0.0000,0.0000,0.0000,0.0000,64.6574,646.5906,7.7239,3.6763,11.1394
1650.0000,428.0000,472.0000,8.0000,389.0000,104.0000,113.0000,2.0000,870.0000,217.0000,255.0000,3.0000,0.0000,0.0000,0.0000,0.0000,0.0000,0.0000,0.0000,0.0000,0.0000,0.0000,0.0000,0.0000,0.0000,0.0000,0.0000,0.0000,0.0000,0.0000,0.0000,0.0000,0.0000,0.0000,0.0000,0.0000,85.4072,911.0768,8.2886,0.0000,9.2615
1278.0000,320.0000,375.0000,6.0000,209.0000,56.0000,57.0000,1.0000,864.0000,216.0000,244.0000,4.0000,208.0000,54.0000,59.0000,1.0000,0.0000,0.0000,0.0000,0.0000,0.0000,0.0000,0.0000,0.0000,0.0000,0.0000,0.0000,0.0000,0.0000,0.0000,0.0000,0.0000,0.0000,0.0000,0.0000,0.0000,76.9370,845.8087,9.4722,0.0000,12.5076
3256.0000,830.0000,980.0000,9.0000,216.0000,50.0000,61.0000,1.0000,848.0000,209.0000,244.0000,4.0000,0.0000,0.0000,0.0000,0.0000,0.0000,0.0000,0.0000,0.0000,0.0000,0.0000,0.0000,0.0000,0.0000,0.0000,0.0000,0.0000,0.0000,0.0000,0.0000,0.0000,0.0000,0.0000,0.0000,0.0000,114.2368,1331.3567,9.5851,21.7525,10.8997
2032.0000,641.0000,695.0000,11.0000,629.0000,190.0000,203.0000,0.0000,1011.0000,325.0000,337.0000,7.0000,5.0000,0.0000,0.0000,0.0000,0.0000,0.0000,0.0000,0.0000,208.0000,65.0000,71.0000,2.0000,1.0000,0.0000,0.0000,0.0000,0.0000,0.0000,0.0000,0.0000,0.0000,0.0000,0.0000,0.0000,88.3900,1224.4084,2.8106,6.5260,5.0295
3100.0000,948.0000,1010.0000,17.0000,427.0000,133.0000,135.0000,0.0000,1448.0000,461.0000,485.0000,9.0000,7.0000,0.0000,0.0000,0.0000,0.0000,0.0000,0.0000,0.0000,0.0000,0.0000,0.0000,0.0000,0.0000,0.0000,0.0000,0.0000,0.0000,0.0000,0.0000,0.0000,0.0000,0.0000,0.0000,0.0000,120.3601,1602.8772,8.4730,20.3642,9.8714
2679.0000,823.0000,874.0000,12.0000,217.0000,67.0000,68.0000,0.0000,1236.0000,395.0000,418.0000,9.0000,6.0000,0.0000,0.0000,0.0000,0.0000,0.0000,0.0000,0.0000,0.0000,0.0000,0.0000,0.0000,0.0000,0.0000,0.0000,0.0000,0.0000,0.0000,0.0000,0.0000,0.0000,0.0000,0.0000,0.0000,81.5931,1306.8503,3.5109,17.4997,6.8205
2077.0000,661.0000,706.0000,11.0000,426.0000,135.0000,138.0000,0.0000,1455.0000,463.0000,493.0000,10.0000,7.0000,0.0000,0.0000,0.0000,0.0000,0.0000,0.0000,0.0000,196.0000,59.0000,62.0000,0.0000,1.0000,0.0000,0.0000,0.0000,0.0000,0.0000,0.0000,0.0000,0.0000,0.0000,0.0000,0.0000,98.8054,1310.0128,5.0864,2.2915,9.8778
2809.0000,789.0000,751.0000,26.0000,77.0000,22.0000,17.0000,2.0000,635.0000,187.0000,167.0000,4.0000,0.0000,0.0000,0.0000,0.0000,0.0000,0.0000,0.0000,0.0000,0.0000,0.0000,0.0000,0.0000,149.0000,40.0000,39.0000,2.0000,0.0000,0.0000,0.0000,0.0000,0.0000,0.0000,0.0000,0.0000,104.8070,1204.5577,1.7903,68.1384,0.0000
1938.0000,508.0000,533.0000,20.0000,426.0000,107.0000,117.0000,5.0000,1056.0000,268.0000,286.0000,8.0000,0.0000,0.0000,0.0000,0.0000,0.0000,0.0000,0.0000,0.0000,0.0000,0.0000,0.0000,0.0000,0.0000,0.0000,0.0000,0.0000,0.0000,0.0000,0.0000,0.0000,0.0000,0.0000,0.0000,0.0000,84.5288,1128.2031,7.0846,13.7067,7.8596
1515.0000,370.0000,389.0000,13.0000,587.0000,144.0000,156.0000,8.0000,1289.0000,325.0000,338.0000,12.0000,0.0000,0.0000,0.0000,0.0000,0.0000,0.0000,0.0000,0.0000,0.0000,0.0000,0.0000,0.0000,0.0000,0.0000,0.0000,0.0000,0.0000,0.0000,0.0000,0.0000,0.0000,0.0000,0.0000,0.0000,73.1187,1041.6545,4.1703,0.0000,5.2692
2522.0000,615.0000,695.0000,25.0000,439.0000,115.0000,128.0000,4.0000,1202.0000,301.0000,326.0000,9.0000,0.0000,0.0000,0.0000,0.0000,0.0000,0.0000,0.0000,0.0000,0.0000,0.0000,0.0000,0.0000,0.0000,0.0000,0.0000,0.0000,0.0000,0.0000,0.0000,0.0000,0.0000,0.0000,0.0000,0.0000,85.4279,1202.3374,5.0871,45.1676,4.4519
2105.0000,542.0000,585.0000,20.0000,427.0000,109.0000,120.0000,4.0000,861.0000,216.0000,232.0000,8.0000,0.0000,0.0000,0.0000,0.0000,0.0000,0.0000,0.0000,0.0000,0.0000,0.0000,0.0000,0.0000,0.0000,0.0000,0.0000,0.0000,0.0000,0.0000,0.0000,0.0000,0.0000,0.0000,0.0000,0.0000,88.4554,1120.5084,4.7258,20.6497,6.4113
1955.0000,498.0000,531.0000,21.0000,442.0000,112.0000,124.0000,5.0000,842.0000,209.0000,227.0000,7.0000,223.0000,59.0000,58.0000,2.0000,0.0000,0.0000,0.0000,0.0000,0.0000,0.0000,0.0000,0.0000,0.0000,0.0000,0.0000,0.0000,0.0000,0.0000,0.0000,0.0000,0.0000,0.0000,0.0000,0.0000,92.9709,1165.5858,5.2551,12.6517,5.3615
1920.0000,487.0000,576.0000,11.0000,521.0000,135.0000,161.0000,2.0000,481.0000,119.0000,142.0000,3.0000,0.0000,0.0000,0.0000,0.0000,0.0000,0.0000,0.0000,0.0000,0.0000,0.0000,0.0000,0.0000,0.0000,0.0000,0.0000,0.0000,0.0000,0.0000,0.0000,0.0000,0.0000,0.0000,0.0000,0.0000,80.3385,885.2234,1.5994,18.7925,0.6842
2918.0000,717.0000,811.0000,15.0000,128.0000,36.0000,40.0000,1.0000,535.0000,122.0000,147.0000,2.0000,0.0000,0.0000,0.0000,0.0000,0.0000,0.0000,0.0000,0.0000,0.0000,0.0000,0.0000,0.0000,0.0000,0.0000,0.0000,0.0000,0.0000,0.0000,0.0000,0.0000,0.0000,0.0000,0.0000,0.0000,108.1305,934.2831,2.3299,76.8267,0.2682
1888.0000,457.0000,522.0000,11.0000,454.0000,107.0000,119.0000,3.0000,159.0000,40.0000,46.0000,1.0000,154.0000,37.0000,39.0000,0.0000,0.0000,0.0000,0.0000,0.0000,0.0000,0.0000,0.0000,0.0000,0.0000,0.0000,0.0000,0.0000,0.0000,0.0000,0.0000,0.0000,0.0000,0.0000,0.0000,0.0000,88.1134,684.0871,1.7426,27.1136,0.0000
3651.0000,914.0000,1039.0000,20.0000,95.0000,23.0000,32.0000,0.0000,1185.0000,297.0000,360.0000,6.0000,0.0000,0.0000,0.0000,0.0000,0.0000,0.0000,0.0000,0.0000,0.0000,0.0000,0.0000,0.0000,0.0000,0.0000,0.0000,0.0000,0.0000,0.0000,0.0000,0.0000,0.0000,0.0000,0.0000,0.0000,120.7150,1380.1262,3.5265,72.9644,0.9648
4721.0000,1188.0000,1360.0000,16.0000,603.0000,147.0000,168.0000,1.0000,0.0000,0.0000,0.0000,0.0000,0.0000,0.0000,0.0000,0.0000,0.0000,0.0000,0.0000,0.0000,0.0000,0.0000,0.0000,0.0000,0.0000,0.0000,0.0000,0.0000,0.0000,0.0000,0.0000,0.0000,0.0000,0.0000,0.0000,0.0000,139.6344,1467.6980,2.0826,102.6591,0.0000
2126.0000,573.0000,583.0000,30.0000,1102.0000,306.0000,300.0000,20.0000,0.0000,0.0000,0.0000,0.0000,0.0000,0.0000,0.0000,0.0000,0.0000,0.0000,0.0000,0.0000,0.0000,0.0000,0.0000,0.0000,0.0000,0.0000,0.0000,0.0000,0.0000,0.0000,0.0000,0.0000,0.0000,0.0000,0.0000,0.0000,49.7800,949.7486,1.3533,17.7209,0.0639
2929.0000,797.0000,782.0000,40.0000,199.0000,46.0000,47.0000,4.0000,196.0000,54.0000,50.0000,4.0000,0.0000,0.0000,0.0000,0.0000,0.0000,0.0000,0.0000,0.0000,0.0000,0.0000,0.0000,0.0000,0.0000,0.0000,0.0000,0.0000,0.0000,0.0000,0.0000,0.0000,0.0000,0.0000,0.0000,0.0000,61.4606,950.9159,1.2344,35.3025,0.9102
2572.0000,786.0000,624.0000,23.0000,268.0000,88.0000,66.0000,2.0000,459.0000,148.0000,115.0000,4.0000,0.0000,0.0000,0.0000,0.0000,0.0000,0.0000,0.0000,0.0000,0.0000,0.0000,0.0000,0.0000,0.0000,0.0000,0.0000,0.0000,218.0000,55.0000,53.0000,2.0000,0.0000,0.0000,0.0000,0.0000,75.0372,1011.6979,2.9033,45.3217,3.0374
3209.0000,905.0000,760.0000,33.0000,217.0000,69.0000,53.0000,2.0000,383.0000,112.0000,95.0000,3.0000,142.0000,39.0000,37.0000,1.0000,0.0000,0.0000,0.0000,0.0000,0.0000,0.0000,0.0000,0.0000,0.0000,0.0000,0.0000,0.0000,0.0000,0.0000,0.0000,0.0000,0.0000,0.0000,0.0000,0.0000,63.3778,1097.9282,1.7220,62.8696,2.5195
5776.0000,1680.0000,1756.0000,78.0000,434.0000,141.0000,147.0000,8.0000,875.0000,261.0000,257.0000,16.0000,185.0000,48.0000,48.0000,4.0000,0.0000,0.0000,0.0000,0.0000,175.0000,49.0000,53.0000,2.0000,0.0000,0.0000,0.0000,0.0000,0.0000,0.0000,0.0000,0.0000,0.0000,0.0000,0.0000,0.0000,128.1799,2005.5160,3.6930,43.8367,3.9152
3634.0000,776.0000,910.0000,24.0000,475.0000,103.0000,121.0000,2.0000,234.0000,59.0000,66.0000,2.0000,0.0000,0.0000,0.0000,0.0000,0.0000,0.0000,0.0000,0.0000,0.0000,0.0000,0.0000,0.0000,0.0000,0.0000,0.0000,0.0000,0.0000,0.0000,0.0000,0.0000,0.0000,0.0000,0.0000,0.0000,73.4939,1214.8596,1.3872,47.0127,1.8244
3886.0000,819.0000,981.0000,24.0000,483.0000,101.0000,124.0000,3.0000,236.0000,55.0000,67.0000,3.0000,0.0000,0.0000,0.0000,0.0000,0.0000,0.0000,0.0000,0.0000,0.0000,0.0000,0.0000,0.0000,0.0000,0.0000,0.0000,0.0000,0.0000,0.0000,0.0000,0.0000,0.0000,0.0000,0.0000,0.0000,86.7352,1262.7043,2.2843,47.1235,1.1839
6011.0000,1245.0000,1521.0000,23.0000,809.0000,170.0000,214.0000,3.0000,437.0000,99.0000,115.0000,2.0000,0.0000,0.0000,0.0000,0.0000,0.0000,0.0000,0.0000,0.0000,0.0000,0.0000,0.0000,0.0000,0.0000,0.0000,0.0000,0.0000,0.0000,0.0000,0.0000,0.0000,0.0000,0.0000,0.0000,0.0000,132.4084,2005.0228,3.0526,112.5265,2.9168
5608.0000,1160.0000,1435.0000,23.0000,815.0000,172.0000,218.0000,3.0000,436.0000,99.0000,117.0000,2.0000,0.0000,0.0000,0.0000,0.0000,0.0000,0.0000,0.0000,0.0000,0.0000,0.0000,0.0000,0.0000,0.0000,0.0000,0.0000,0.0000,0.0000,0.0000,0.0000,0.0000,0.0000,0.0000,0.0000,0.0000,129.9632,1917.0380,2.8977,96.9027,2.7618
4218.0000,870.0000,1047.0000,29.0000,461.0000,87.0000,111.0000,4.0000,0.0000,0.0000,0.0000,0.0000,0.0000,0.0000,0.0000,0.0000,0.0000,0.0000,0.0000,0.0000,0.0000,0.0000,0.0000,0.0000,211.0000,51.0000,57.0000,2.0000,0.0000,0.0000,0.0000,0.0000,0.0000,0.0000,0.0000,0.0000,126.4666,1345.5125,2.1968,89.2305,0.0000
2434.0000,599.0000,756.0000,8.0000,444.0000,108.0000,140.0000,3.0000,433.0000,102.0000,126.0000,2.0000,0.0000,0.0000,0.0000,0.0000,0.0000,0.0000,0.0000,0.0000,0.0000,0.0000,0.0000,0.0000,0.0000,0.0000,0.0000,0.0000,0.0000,0.0000,0.0000,0.0000,0.0000,0.0000,0.0000,0.0000,88.4877,1065.4044,5.9862,43.7607,5.1463
2149.0000,530.0000,663.0000,25.0000,238.0000,58.0000,72.0000,3.0000,464.0000,113.0000,140.0000,3.0000,0.0000,0.0000,0.0000,0.0000,0.0000,0.0000,0.0000,0.0000,253.0000,57.0000,70.0000,3.0000,0.0000,0.0000,0.0000,0.0000,0.0000,0.0000,0.0000,0.0000,0.0000,0.0000,0.0000,0.0000,88.9814,1052.9608,5.1043,34.8599,5.9337
3489.0000,848.0000,1070.0000,20.0000,438.0000,109.0000,139.0000,4.0000,214.0000,57.0000,69.0000,1.0000,0.0000,0.0000,0.0000,0.0000,0.0000,0.0000,0.0000,0.0000,0.0000,0.0000,0.0000,0.0000,228.0000,48.0000,63.0000,4.0000,0.0000,0.0000,0.0000,0.0000,0.0000,0.0000,0.0000,0.0000,87.7498,1359.6422,4.0727,59.3189,2.0906
1189.0000,291.0000,368.0000,11.0000,238.0000,58.0000,72.0000,3.0000,462.0000,114.0000,138.0000,3.0000,237.0000,62.0000,73.0000,4.0000,0.0000,0.0000,0.0000,0.0000,0.0000,0.0000,0.0000,0.0000,0.0000,0.0000,0.0000,0.0000,0.0000,0.0000,0.0000,0.0000,0.0000,0.0000,0.0000,0.0000,66.6386,708.2388,3.5903,8.5704,5.6586
1444.0000,357.0000,448.0000,14.0000,240.0000,59.0000,73.0000,3.0000,470.0000,113.0000,139.0000,3.0000,0.0000,0.0000,0.0000,0.0000,0.0000,0.0000,0.0000,0.0000,0.0000,0.0000,0.0000,0.0000,0.0000,0.0000,0.0000,0.0000,0.0000,0.0000,0.0000,0.0000,0.0000,0.0000,0.0000,0.0000,65.7902,711.6774,3.8195,28.4658,6.1119
3073.0000,805.0000,791.0000,19.0000,444.0000,119.0000,121.0000,2.0000,1180.0000,310.0000,303.0000,6.0000,0.0000,0.0000,0.0000,0.0000,0.0000,0.0000,0.0000,0.0000,0.0000,0.0000,0.0000,0.0000,0.0000,0.0000,0.0000,0.0000,0.0000,0.0000,0.0000,0.0000,0.0000,0.0000,0.0000,0.0000,124.9612,1261.3387,7.1825,26.6791,8.6894
1651.0000,454.0000,443.0000,7.0000,231.0000,61.0000,63.0000,1.0000,951.0000,256.0000,255.0000,5.0000,0.0000,0.0000,0.0000,0.0000,0.0000,0.0000,0.0000,0.0000,0.0000,0.0000,0.0000,0.0000,0.0000,0.0000,0.0000,0.0000,0.0000,0.0000,0.0000,0.0000,0.0000,0.0000,0.0000,0.0000,73.0418,849.9796,7.4660,7.1244,10.7573
1408.0000,378.0000,385.0000,6.0000,457.0000,117.0000,117.0000,2.0000,1175.0000,307.0000,310.0000,7.0000,0.0000,0.0000,0.0000,0.0000,0.0000,0.0000,0.0000,0.0000,0.0000,0.0000,0.0000,0.0000,0.0000,0.0000,0.0000,0.0000,0.0000,0.0000,0.0000,0.0000,0.0000,0.0000,0.0000,0.0000,85.1333,904.1433,8.6394,0.0000,10.9828
1193.0000,325.0000,318.0000,5.0000,460.0000,122.0000,122.0000,2.0000,702.0000,190.0000,190.0000,4.0000,0.0000,0.0000,0.0000,0.0000,0.0000,0.0000,0.0000,0.0000,0.0000,0.0000,0.0000,0.0000,0.0000,0.0000,0.0000,0.0000,0.0000,0.0000,0.0000,0.0000,0.0000,0.0000,0.0000,0.0000,71.5831,689.3636,5.3168,0.0000,8.4000
3580.0000,926.0000,909.0000,16.0000,457.0000,123.0000,116.0000,2.0000,951.0000,253.0000,250.0000,6.0000,0.0000,0.0000,0.0000,0.0000,0.0000,0.0000,0.0000,0.0000,0.0000,0.0000,0.0000,0.0000,0.0000,0.0000,0.0000,0.0000,0.0000,0.0000,0.0000,0.0000,0.0000,0.0000,0.0000,0.0000,113.1482,1389.9321,7.9826,21.8948,9.0928
2061.0000,539.0000,605.0000,2.0000,365.0000,87.0000,106.0000,1.0000,165.0000,43.0000,55.0000,0.0000,0.0000,0.0000,0.0000,0.0000,0.0000,0.0000,0.0000,0.0000,0.0000,0.0000,0.0000,0.0000,0.0000,0.0000,0.0000,0.0000,0.0000,0.0000,0.0000,0.0000,0.0000,0.0000,0.0000,0.0000,57.7026,781.9296,2.8337,39.1537,3.4710
2213.0000,572.0000,628.0000,2.0000,376.0000,96.0000,108.0000,2.0000,0.0000,0.0000,0.0000,0.0000,143.0000,29.0000,34.0000,0.0000,0.0000,0.0000,0.0000,0.0000,0.0000,0.0000,0.0000,0.0000,0.0000,0.0000,0.0000,0.0000,0.0000,0.0000,0.0000,0.0000,0.0000,0.0000,0.0000,0.0000,63.7307,802.6320,2.0043,38.8998,2.4108
4185.0000,1100.0000,1238.0000,7.0000,566.0000,136.0000,172.0000,3.0000,352.0000,91.0000,106.0000,1.0000,0.0000,0.0000,0.0000,0.0000,0.0000,0.0000,0.0000,0.0000,0.0000,0.0000,0.0000,0.0000,0.0000,0.0000,0.0000,0.0000,0.0000,0.0000,0.0000,0.0000,0.0000,0.0000,0.0000,0.0000,97.6643,1427.8438,4.1834,58.5832,4.1651
6300.0000,1696.0000,1968.0000,16.0000,684.0000,185.0000,223.0000,3.0000,1004.0000,265.0000,308.0000,2.0000,139.0000,39.0000,49.0000,0.0000,0.0000,0.0000,0.0000,0.0000,0.0000,0.0000,0.0000,0.0000,0.0000,0.0000,0.0000,0.0000,0.0000,0.0000,0.0000,0.0000,0.0000,0.0000,0.0000,0.0000,209.4217,2535.0273,8.9220,87.8500,6.3816
6177.0000,1674.0000,1935.0000,18.0000,870.0000,238.0000,274.0000,3.0000,962.0000,271.0000,317.0000,1.0000,138.0000,43.0000,52.0000,0.0000,0.0000,0.0000,0.0000,0.0000,0.0000,0.0000,0.0000,0.0000,0.0000,0.0000,0.0000,0.0000,0.0000,0.0000,0.0000,0.0000,0.0000,0.0000,0.0000,0.0000,213.7347,2612.3638,8.5609,85.8010,7.3753
2302.0000,702.0000,593.0000,26.0000,206.0000,66.0000,56.0000,2.0000,557.0000,169.0000,139.0000,6.0000,0.0000,0.0000,0.0000,0.0000,0.0000,0.0000,0.0000,0.0000,0.0000,0.0000,0.0000,0.0000,0.0000,0.0000,0.0000,0.0000,0.0000,0.0000,0.0000,0.0000,0.0000,0.0000,0.0000,0.0000,65.4293,912.2379,3.8045,20.5203,4.5722
1970.0000,590.0000,516.0000,18.0000,539.0000,159.0000,141.0000,5.0000,424.0000,123.0000,113.0000,4.0000,0.0000,0.0000,0.0000,0.0000,0.0000,0.0000,0.0000,0.0000,0.0000,0.0000,0.0000,0.0000,0.0000,0.0000,0.0000,0.0000,0.0000,0.0000,0.0000,0.0000,0.0000,0.0000,0.0000,0.0000,68.2150,843.7271,4.2512,19.5533,4.9864
1402.0000,446.0000,371.0000,15.0000,206.0000,65.0000,53.0000,2.0000,1011.0000,312.0000,265.0000,11.0000,0.0000,0.0000,0.0000,0.0000,0.0000,0.0000,0.0000,0.0000,0.0000,0.0000,0.0000,0.0000,0.0000,0.0000,0.0000,0.0000,0.0000,0.0000,0.0000,0.0000,0.0000,0.0000,0.0000,0.0000,74.3667,820.1952,6.7154,0.0000,8.6759
3343.0000,1043.0000,886.0000,36.0000,379.0000,115.0000,99.0000,4.0000,932.0000,281.0000,237.0000,10.0000,0.0000,0.0000,0.0000,0.0000,0.0000,0.0000,0.0000,0.0000,0.0000,0.0000,0.0000,0.0000,0.0000,0.0000,0.0000,0.0000,0.0000,0.0000,0.0000,0.0000,0.0000,0.0000,0.0000,0.0000,121.7917,1423.5336,7.2055,24.1704,8.4092
2131.0000,665.0000,550.0000,24.0000,205.0000,63.0000,55.0000,2.0000,435.0000,129.0000,113.0000,4.0000,0.0000,0.0000,0.0000,0.0000,0.0000,0.0000,0.0000,0.0000,0.0000,0.0000,0.0000,0.0000,0.0000,0.0000,0.0000,0.0000,0.0000,0.0000,0.0000,0.0000,0.0000,0.0000,0.0000,0.0000,66.9826,815.1407,3.2664,30.6443,5.3539
1997.0000,499.0000,616.0000,56.0000,1114.0000,273.0000,340.0000,28.0000,189.0000,47.0000,61.0000,6.0000,0.0000,0.0000,0.0000,0.0000,0.0000,0.0000,0.0000,0.0000,0.0000,0.0000,0.0000,0.0000,0.0000,0.0000,0.0000,0.0000,0.0000,0.0000,0.0000,0.0000,0.0000,0.0000,0.0000,0.0000,106.7730,1015.3562,5.4972,14.6716,4.8637
1734.0000,471.0000,532.0000,44.0000,630.0000,159.0000,197.0000,13.0000,192.0000,48.0000,63.0000,5.0000,0.0000,0.0000,0.0000,0.0000,0.0000,0.0000,0.0000,0.0000,0.0000,0.0000,0.0000,0.0000,0.0000,0.0000,0.0000,0.0000,0.0000,0.0000,0.0000,0.0000,0.0000,0.0000,0.0000,0.0000,79.0846,851.3711,3.1128,28.9042,4.3387
1522.0000,397.0000,461.0000,41.0000,807.0000,203.0000,241.0000,16.0000,186.0000,49.0000,60.0000,5.0000,0.0000,0.0000,0.0000,0.0000,0.0000,0.0000,0.0000,0.0000,0.0000,0.0000,0.0000,0.0000,0.0000,0.0000,0.0000,0.0000,0.0000,0.0000,0.0000,0.0000,0.0000,0.0000,0.0000,0.0000,90.3245,801.7684,5.3639,22.8494,6.2334
2231.0000,582.0000,681.0000,60.0000,1336.0000,340.0000,394.0000,29.0000,190.0000,48.0000,62.0000,5.0000,0.0000,0.0000,0.0000,0.0000,0.0000,0.0000,0.0000,0.0000,0.0000,0.0000,0.0000,0.0000,0.0000,0.0000,0.0000,0.0000,0.0000,0.0000,0.0000,0.0000,0.0000,0.0000,0.0000,0.0000,123.8914,1193.1302,5.8684,22.9425,7.4962
3205.0000,840.0000,962.0000,91.0000,1266.0000,315.0000,381.0000,31.0000,182.0000,46.0000,59.0000,5.0000,0.0000,0.0000,0.0000,0.0000,0.0000,0.0000,0.0000,0.0000,0.0000,0.0000,0.0000,0.0000,0.0000,0.0000,0.0000,0.0000,0.0000,0.0000,0.0000,0.0000,0.0000,0.0000,0.0000,0.0000,148.1169,1508.9559,6.9275,37.1830,8.2865
2870.0000,736.0000,733.0000,15.0000,676.0000,177.0000,181.0000,4.0000,0.0000,0.0000,0.0000,0.0000,0.0000,0.0000,0.0000,0.0000,0.0000,0.0000,0.0000,0.0000,0.0000,0.0000,0.0000,0.0000,0.0000,0.0000,0.0000,0.0000,0.0000,0.0000,0.0000,0.0000,0.0000,0.0000,0.0000,0.0000,93.7294,1244.5260,2.3273,65.1301,0.9014
3955.0000,978.0000,1076.0000,33.0000,570.0000,146.0000,151.0000,4.0000,374.0000,99.0000,106.0000,2.0000,0.0000,0.0000,0.0000,0.0000,0.0000,0.0000,0.0000,0.0000,0.0000,0.0000,0.0000,0.0000,0.0000,0.0000,0.0000,0.0000,0.0000,0.0000,0.0000,0.0000,0.0000,0.0000,0.0000,0.0000,91.0126,1578.2161,2.6191,83.1104,2.5866
3961.0000,1009.0000,1088.0000,34.0000,684.0000,189.0000,206.0000,5.0000,0.0000,0.0000,0.0000,0.0000,0.0000,0.0000,0.0000,0.0000,0.0000,0.0000,0.0000,0.0000,0.0000,0.0000,0.0000,0.0000,0.0000,0.0000,0.0000,0.0000,0.0000,0.0000,0.0000,0.0000,0.0000,0.0000,0.0000,0.0000,95.4196,1351.6318,2.1346,65.5870,2.0000
4122.0000,1018.0000,1109.0000,30.0000,549.0000,150.0000,157.0000,3.0000,367.0000,105.0000,104.0000,4.0000,0.0000,0.0000,0.0000,0.0000,0.0000,0.0000,0.0000,0.0000,0.0000,0.0000,0.0000,0.0000,0.0000,0.0000,0.0000,0.0000,0.0000,0.0000,0.0000,0.0000,0.0000,0.0000,0.0000,0.0000,117.8450,1551.6086,3.0969,96.9160,4.3238
5485.0000,1393.0000,1472.0000,54.0000,667.0000,180.0000,183.0000,8.0000,574.0000,152.0000,159.0000,6.0000,0.0000,0.0000,0.0000,0.0000,0.0000,0.0000,0.0000,0.0000,0.0000,0.0000,0.0000,0.0000,0.0000,0.0000,0.0000,0.0000,0.0000,0.0000,0.0000,0.0000,0.0000,0.0000,0.0000,0.0000,129.5508,2091.9817,3.7210,84.3265,3.4140
999.0000,333.0000,217.0000,17.0000,147.0000,48.0000,36.0000,2.0000,222.0000,79.0000,56.0000,3.0000,0.0000,0.0000,0.0000,0.0000,0.0000,0.0000,0.0000,0.0000,183.0000,57.0000,40.0000,3.0000,0.0000,0.0000,0.0000,0.0000,0.0000,0.0000,0.0000,0.0000,0.0000,0.0000,0.0000,0.0000,44.1460,570.1460,0.7463,22.6527,0.6447
980.0000,312.0000,208.0000,16.0000,0.0000,0.0000,0.0000,0.0000,457.0000,149.0000,106.0000,7.0000,0.0000,0.0000,0.0000,0.0000,0.0000,0.0000,0.0000,0.0000,0.0000,0.0000,0.0000,0.0000,0.0000,0.0000,0.0000,0.0000,0.0000,0.0000,0.0000,0.0000,0.0000,0.0000,0.0000,0.0000,36.8539,532.6608,0.9090,21.2817,1.2106
1373.0000,439.0000,317.0000,23.0000,144.0000,49.0000,27.0000,3.0000,555.0000,181.0000,132.0000,10.0000,0.0000,0.0000,0.0000,0.0000,0.0000,0.0000,0.0000,0.0000,0.0000,0.0000,0.0000,0.0000,0.0000,0.0000,0.0000,0.0000,0.0000,0.0000,0.0000,0.0000,0.0000,0.0000,0.0000,0.0000,59.1645,760.2792,1.4770,15.4044,1.5860
2416.0000,756.0000,562.0000,46.0000,156.0000,47.0000,39.0000,3.0000,572.0000,189.0000,141.0000,6.0000,0.0000,0.0000,0.0000,0.0000,0.0000,0.0000,0.0000,0.0000,0.0000,0.0000,0.0000,0.0000,0.0000,0.0000,0.0000,0.0000,0.0000,0.0000,0.0000,0.0000,0.0000,0.0000,0.0000,0.0000,82.1915,1109.4751,4.6821,45.8001,4.5395
2421.0000,740.0000,561.0000,44.0000,171.0000,51.0000,38.0000,3.0000,630.0000,205.0000,157.0000,7.0000,0.0000,0.0000,0.0000,0.0000,0.0000,0.0000,0.0000,0.0000,0.0000,0.0000,0.0000,0.0000,0.0000,0.0000,0.0000,0.0000,0.0000,0.0000,0.0000,0.0000,0.0000,0.0000,0.0000,0.0000,74.9603,1146.0604,3.7988,43.7450,4.0681
1095.0000,358.0000,383.0000,0.0000,157.0000,54.0000,58.0000,0.0000,541.0000,162.0000,177.0000,0.0000,155.0000,50.0000,52.0000,0.0000,0.0000,0.0000,0.0000,0.0000,0.0000,0.0000,0.0000,0.0000,0.0000,0.0000,0.0000,0.0000,0.0000,0.0000,0.0000,0.0000,0.0000,0.0000,0.0000,0.0000,42.2973,660.0922,3.0085,8.7383,3.3582
990.0000,324.0000,360.0000,0.0000,746.0000,258.0000,285.0000,0.0000,134.0000,41.0000,51.0000,0.0000,0.0000,0.0000,0.0000,0.0000,0.0000,0.0000,0.0000,0.0000,0.0000,0.0000,0.0000,0.0000,0.0000,0.0000,0.0000,0.0000,0.0000,0.0000,0.0000,0.0000,0.0000,0.0000,0.0000,0.0000,38.7952,602.7247,1.4662,9.6498,1.5492
1516.0000,480.0000,522.0000,0.0000,151.0000,48.0000,52.0000,0.0000,518.0000,152.0000,172.0000,0.0000,155.0000,47.0000,51.0000,0.0000,0.0000,0.0000,0.0000,0.0000,0.0000,0.0000,0.0000,0.0000,0.0000,0.0000,0.0000,0.0000,0.0000,0.0000,0.0000,0.0000,0.0000,0.0000,0.0000,0.0000,44.2724,786.9762,2.7809,15.2443,3.9448
1895.0000,625.0000,674.0000,0.0000,170.0000,50.0000,60.0000,0.0000,950.0000,288.0000,336.0000,0.0000,328.0000,102.0000,113.0000,0.0000,0.0000,0.0000,0.0000,0.0000,0.0000,0.0000,0.0000,0.0000,0.0000,0.0000,0.0000,0.0000,0.0000,0.0000,0.0000,0.0000,0.0000,0.0000,0.0000,0.0000,80.0608,1098.3571,5.3095,18.9482,7.7972
2954.0000,986.0000,1053.0000,0.0000,155.0000,49.0000,56.0000,0.0000,933.0000,284.0000,323.0000,0.0000,0.0000,0.0000,0.0000,0.0000,0.0000,0.0000,0.0000,0.0000,0.0000,0.0000,0.0000,0.0000,0.0000,0.0000,0.0000,0.0000,0.0000,0.0000,0.0000,0.0000,0.0000,0.0000,0.0000,0.0000,82.6406,1217.2885,4.1799,50.7311,4.1560
1114.0000,375.0000,349.0000,12.0000,0.0000,0.0000,0.0000,0.0000,866.0000,276.0000,244.0000,11.0000,128.0000,47.0000,48.0000,2.0000,0.0000,0.0000,0.0000,0.0000,0.0000,0.0000,0.0000,0.0000,0.0000,0.0000,0.0000,0.0000,154.0000,51.0000,49.0000,2.0000,0.0000,0.0000,0.0000,0.0000,68.7139,850.4099,3.1153,7.8871,4.0518
1918.0000,688.0000,607.0000,31.0000,138.0000,49.0000,44.0000,1.0000,868.0000,278.0000,250.0000,15.0000,0.0000,0.0000,0.0000,0.0000,200.0000,66.0000,60.0000,3.0000,357.0000,117.0000,98.0000,4.0000,0.0000,0.0000,0.0000,0.0000,0.0000,0.0000,0.0000,0.0000,0.0000,0.0000,0.0000,0.0000,125.1743,1303.6605,7.3052,81.4666,8.1338
2606.0000,898.0000,785.0000,40.0000,97.0000,34.0000,32.0000,2.0000,860.0000,276.0000,248.0000,11.0000,129.0000,49.0000,48.0000,2.0000,0.0000,0.0000,0.0000,0.0000,0.0000,0.0000,0.0000,0.0000,0.0000,0.0000,0.0000,0.0000,163.0000,51.0000,50.0000,2.0000,0.0000,0.0000,0.0000,0.0000,90.7335,1352.1091,3.8553,36.4457,4.6250
2894.0000,988.0000,862.0000,40.0000,102.0000,33.0000,32.0000,2.0000,858.0000,283.0000,247.0000,10.0000,128.0000,49.0000,48.0000,2.0000,0.0000,0.0000,0.0000,0.0000,0.0000,0.0000,0.0000,0.0000,0.0000,0.0000,0.0000,0.0000,168.0000,56.0000,47.0000,2.0000,0.0000,0.0000,0.0000,0.0000,96.1165,1431.4008,3.8312,32.0066,4.4013
3281.0000,1089.0000,964.0000,48.0000,234.0000,76.0000,67.0000,4.0000,1164.0000,364.0000,338.0000,15.0000,271.0000,91.0000,92.0000,4.0000,0.0000,0.0000,0.0000,0.0000,0.0000,0.0000,0.0000,0.0000,0.0000,0.0000,0.0000,0.0000,168.0000,56.0000,50.0000,2.0000,0.0000,0.0000,0.0000,0.0000,116.3967,1788.0842,4.2578,37.8807,4.3057
2904.0000,731.0000,837.0000,25.0000,606.0000,156.0000,169.0000,4.0000,217.0000,51.0000,57.0000,2.0000,0.0000,0.0000,0.0000,0.0000,0.0000,0.0000,0.0000,0.0000,0.0000,0.0000,0.0000,0.0000,0.0000,0.0000,0.0000,0.0000,0.0000,0.0000,0.0000,0.0000,0.0000,0.0000,0.0000,0.0000,51.0047,1172.3870,2.4456,23.8943,1.9303
2942.0000,733.0000,867.0000,36.0000,631.0000,161.0000,181.0000,4.0000,403.0000,114.0000,125.0000,5.0000,213.0000,58.0000,63.0000,3.0000,0.0000,0.0000,0.0000,0.0000,0.0000,0.0000,0.0000,0.0000,0.0000,0.0000,0.0000,0.0000,0.0000,0.0000,0.0000,0.0000,0.0000,0.0000,0.0000,0.0000,68.1920,1267.4457,2.9600,34.6633,1.2868
3245.0000,810.0000,970.0000,33.0000,592.0000,153.0000,178.0000,4.0000,392.0000,112.0000,123.0000,4.0000,207.0000,54.0000,63.0000,2.0000,0.0000,0.0000,0.0000,0.0000,0.0000,0.0000,0.0000,0.0000,0.0000,0.0000,0.0000,0.0000,0.0000,0.0000,0.0000,0.0000,0.0000,0.0000,0.0000,0.0000,68.1155,1330.7119,2.4742,44.0656,0.8433
3966.0000,985.0000,1177.0000,49.0000,631.0000,161.0000,177.0000,4.0000,415.0000,114.0000,124.0000,6.0000,214.0000,58.0000,65.0000,3.0000,0.0000,0.0000,0.0000,0.0000,0.0000,0.0000,0.0000,0.0000,0.0000,0.0000,0.0000,0.0000,185.0000,50.0000,52.0000,4.0000,0.0000,0.0000,0.0000,0.0000,112.0307,1631.2360,3.4413,43.4312,2.0734
4518.0000,1145.0000,1429.0000,42.0000,2180.0000,520.0000,660.0000,20.0000,991.0000,251.0000,308.0000,9.0000,0.0000,0.0000,0.0000,0.0000,0.0000,0.0000,0.0000,0.0000,0.0000,0.0000,0.0000,0.0000,0.0000,0.0000,0.0000,0.0000,0.0000,0.0000,0.0000,0.0000,0.0000,0.0000,0.0000,0.0000,122.1752,2130.3108,5.2249,19.4541,7.7615
1877.0000,493.0000,578.0000,7.0000,0.0000,0.0000,0.0000,0.0000,804.0000,229.0000,261.0000,5.0000,0.0000,0.0000,0.0000,0.0000,0.0000,0.0000,0.0000,0.0000,0.0000,0.0000,0.0000,0.0000,0.0000,0.0000,0.0000,0.0000,0.0000,0.0000,0.0000,0.0000,0.0000,0.0000,0.0000,0.0000,63.6428,824.6841,4.4454,16.4480,2.1053
2282.0000,622.0000,753.0000,10.0000,185.0000,45.0000,57.0000,0.0000,458.0000,118.0000,146.0000,1.0000,188.0000,54.0000,59.0000,1.0000,0.0000,0.0000,0.0000,0.0000,0.0000,0.0000,0.0000,0.0000,0.0000,0.0000,0.0000,0.0000,0.0000,0.0000,0.0000,0.0000,0.0000,0.0000,0.0000,0.0000,63.6708,970.9995,4.0223,32.8526,2.8594
3402.0000,925.0000,1098.0000,13.0000,372.0000,94.0000,112.0000,1.0000,664.0000,178.0000,210.0000,2.0000,193.0000,55.0000,57.0000,1.0000,0.0000,0.0000,0.0000,0.0000,0.0000,0.0000,0.0000,0.0000,0.0000,0.0000,0.0000,0.0000,0.0000,0.0000,0.0000,0.0000,0.0000,0.0000,0.0000,0.0000,103.9307,1439.0896,6.0292,53.0278,5.7523
3678.0000,980.0000,1181.0000,7.0000,541.0000,139.0000,168.0000,2.0000,1157.0000,316.0000,365.0000,3.0000,0.0000,0.0000,0.0000,0.0000,188.0000,49.0000,59.0000,1.0000,0.0000,0.0000,0.0000,0.0000,0.0000,0.0000,0.0000,0.0000,0.0000,0.0000,0.0000,0.0000,0.0000,0.0000,0.0000,0.0000,102.1255,1578.9384,3.8565,43.0173,4.9898
4481.0000,1205.0000,1411.0000,12.0000,548.0000,141.0000,166.0000,2.0000,1235.0000,335.0000,397.0000,5.0000,0.0000,0.0000,0.0000,0.0000,193.0000,52.0000,60.0000,1.0000,0.0000,0.0000,0.0000,0.0000,0.0000,0.0000,0.0000,0.0000,0.0000,0.0000,0.0000,0.0000,0.0000,0.0000,0.0000,0.0000,131.3903,1876.8174,7.5116,54.3477,8.1816
1466.0000,458.0000,428.0000,11.0000,0.0000,0.0000,0.0000,0.0000,729.0000,222.0000,205.0000,6.0000,0.0000,0.0000,0.0000,0.0000,0.0000,0.0000,0.0000,0.0000,0.0000,0.0000,0.0000,0.0000,0.0000,0.0000,0.0000,0.0000,0.0000,0.0000,0.0000,0.0000,0.0000,0.0000,0.0000,0.0000,55.8528,852.5096,1.4338,13.0348,0.7418
2044.0000,614.0000,582.0000,18.0000,0.0000,0.0000,0.0000,0.0000,719.0000,216.0000,202.0000,7.0000,0.0000,0.0000,0.0000,0.0000,0.0000,0.0000,0.0000,0.0000,0.0000,0.0000,0.0000,0.0000,0.0000,0.0000,0.0000,0.0000,0.0000,0.0000,0.0000,0.0000,0.0000,0.0000,0.0000,0.0000,68.0507,1012.3739,3.1532,10.3196,2.4752
3704.0000,1036.0000,986.0000,38.0000,378.0000,113.0000,99.0000,4.0000,1046.0000,307.0000,279.0000,9.0000,200.0000,53.0000,49.0000,1.0000,0.0000,0.0000,0.0000,0.0000,0.0000,0.0000,0.0000,0.0000,0.0000,0.0000,0.0000,0.0000,0.0000,0.0000,0.0000,0.0000,0.0000,0.0000,0.0000,0.0000,112.9983,1757.2329,4.7026,34.0427,0.9508
3026.0000,796.0000,769.0000,20.0000,1285.0000,378.0000,361.0000,10.0000,1436.0000,384.0000,358.0000,9.0000,194.0000,56.0000,47.0000,1.0000,0.0000,0.0000,0.0000,0.0000,0.0000,0.0000,0.0000,0.0000,0.0000,0.0000,0.0000,0.0000,0.0000,0.0000,0.0000,0.0000,0.0000,0.0000,0.0000,0.0000,126.9059,1832.2233,4.9563,9.3773,7.5593
3247.0000,833.0000,808.0000,24.0000,1282.0000,373.0000,357.0000,10.0000,1428.0000,376.0000,357.0000,10.0000,193.0000,53.0000,47.0000,1.0000,0.0000,0.0000,0.0000,0.0000,0.0000,0.0000,0.0000,0.0000,0.0000,0.0000,0.0000,0.0000,0.0000,0.0000,0.0000,0.0000,0.0000,0.0000,0.0000,0.0000,137.6835,1891.7914,4.8772,12.2391,7.8809
2425.0000,603.0000,596.0000,0.0000,143.0000,35.0000,35.0000,0.0000,372.0000,84.0000,82.0000,0.0000,131.0000,29.0000,32.0000,0.0000,0.0000,0.0000,0.0000,0.0000,0.0000,0.0000,0.0000,0.0000,0.0000,0.0000,0.0000,0.0000,0.0000,0.0000,0.0000,0.0000,0.0000,0.0000,0.0000,0.0000,44.4699,765.2075,1.4663,51.1872,1.0000
3247.0000,843.0000,865.0000,0.0000,1150.0000,293.0000,299.0000,0.0000,466.0000,118.0000,125.0000,1.0000,134.0000,36.0000,34.0000,0.0000,0.0000,0.0000,0.0000,0.0000,0.0000,0.0000,0.0000,0.0000,0.0000,0.0000,0.0000,0.0000,0.0000,0.0000,0.0000,0.0000,0.0000,0.0000,0.0000,0.0000,98.3713,1553.0389,2.5952,22.3448,3.1626
3506.0000,866.0000,905.0000,2.0000,1090.0000,281.0000,284.0000,0.0000,231.0000,48.0000,59.0000,0.0000,236.0000,54.0000,59.0000,0.0000,0.0000,0.0000,0.0000,0.0000,0.0000,0.0000,0.0000,0.0000,0.0000,0.0000,0.0000,0.0000,0.0000,0.0000,0.0000,0.0000,0.0000,0.0000,0.0000,0.0000,86.0459,1571.6360,2.7749,34.0552,2.4361
3016.0000,725.0000,762.0000,0.0000,1053.0000,263.0000,268.0000,0.0000,157.0000,39.0000,40.0000,0.0000,215.0000,53.0000,52.0000,0.0000,0.0000,0.0000,0.0000,0.0000,0.0000,0.0000,0.0000,0.0000,0.0000,0.0000,0.0000,0.0000,0.0000,0.0000,0.0000,0.0000,0.0000,0.0000,0.0000,0.0000,88.8369,1406.1332,3.8938,31.1986,2.9915
3306.0000,822.0000,869.0000,0.0000,900.0000,226.0000,236.0000,0.0000,681.0000,169.0000,173.0000,1.0000,136.0000,33.0000,38.0000,0.0000,0.0000,0.0000,0.0000,0.0000,414.0000,91.0000,98.0000,0.0000,0.0000,0.0000,0.0000,0.0000,0.0000,0.0000,0.0000,0.0000,0.0000,0.0000,0.0000,0.0000,101.4426,1596.7245,3.4945,30.1233,3.0526
2463.0000,657.0000,708.0000,19.0000,781.0000,205.0000,233.0000,6.0000,189.0000,51.0000,53.0000,2.0000,0.0000,0.0000,0.0000,0.0000,0.0000,0.0000,0.0000,0.0000,0.0000,0.0000,0.0000,0.0000,0.0000,0.0000,0.0000,0.0000,0.0000,0.0000,0.0000,0.0000,0.0000,0.0000,0.0000,0.0000,57.6683,1163.1858,1.4986,18.6017,1.7124
3685.0000,1006.0000,1072.0000,30.0000,1081.0000,292.0000,319.0000,8.0000,155.0000,45.0000,48.0000,1.0000,0.0000,0.0000,0.0000,0.0000,0.0000,0.0000,0.0000,0.0000,0.0000,0.0000,0.0000,0.0000,0.0000,0.0000,0.0000,0.0000,0.0000,0.0000,0.0000,0.0000,0.0000,0.0000,0.0000,0.0000,109.7837,1591.5490,2.5578,19.2206,2.5479
3153.0000,851.0000,902.0000,26.0000,918.0000,244.0000,265.0000,7.0000,156.0000,44.0000,43.0000,2.0000,0.0000,0.0000,0.0000,0.0000,0.0000,0.0000,0.0000,0.0000,0.0000,0.0000,0.0000,0.0000,0.0000,0.0000,0.0000,0.0000,0.0000,0.0000,0.0000,0.0000,0.0000,0.0000,0.0000,0.0000,82.9432,1409.7423,1.7572,26.2322,2.6528
3453.0000,923.0000,1000.0000,29.0000,896.0000,236.0000,257.0000,7.0000,157.0000,44.0000,42.0000,2.0000,0.0000,0.0000,0.0000,0.0000,0.0000,0.0000,0.0000,0.0000,0.0000,0.0000,0.0000,0.0000,0.0000,0.0000,0.0000,0.0000,0.0000,0.0000,0.0000,0.0000,0.0000,0.0000,0.0000,0.0000,96.1421,1486.2720,2.8878,29.9074,2.6311
3387.0000,908.0000,970.0000,27.0000,933.0000,247.0000,270.0000,7.0000,160.0000,45.0000,45.0000,2.0000,0.0000,0.0000,0.0000,0.0000,0.0000,0.0000,0.0000,0.0000,0.0000,0.0000,0.0000,0.0000,0.0000,0.0000,0.0000,0.0000,0.0000,0.0000,0.0000,0.0000,0.0000,0.0000,0.0000,0.0000,97.5385,1506.7435,2.3361,28.1973,2.6457
2586.0000,675.0000,750.0000,35.0000,917.0000,237.0000,263.0000,11.0000,0.0000,0.0000,0.0000,0.0000,0.0000,0.0000,0.0000,0.0000,0.0000,0.0000,0.0000,0.0000,0.0000,0.0000,0.0000,0.0000,0.0000,0.0000,0.0000,0.0000,0.0000,0.0000,0.0000,0.0000,0.0000,0.0000,0.0000,0.0000,63.4352,1146.5636,1.3999,20.1066,1.6990
2262.0000,620.0000,671.0000,23.0000,408.0000,106.0000,114.0000,5.0000,376.0000,101.0000,107.0000,5.0000,0.0000,0.0000,0.0000,0.0000,0.0000,0.0000,0.0000,0.0000,0.0000,0.0000,0.0000,0.0000,360.0000,108.0000,112.0000,4.0000,0.0000,0.0000,0.0000,0.0000,0.0000,0.0000,0.0000,0.0000,68.4469,1130.4825,1.5359,23.2325,0.6688
3130.0000,849.0000,902.0000,35.0000,1094.0000,303.0000,324.0000,15.0000,181.0000,42.0000,49.0000,2.0000,0.0000,0.0000,0.0000,0.0000,0.0000,0.0000,0.0000,0.0000,0.0000,0.0000,0.0000,0.0000,158.0000,42.0000,48.0000,1.0000,0.0000,0.0000,0.0000,0.0000,0.0000,0.0000,0.0000,0.0000,84.8403,1502.1941,1.9699,25.7010,0.8111
3488.0000,963.0000,982.0000,37.0000,914.0000,250.0000,251.0000,11.0000,0.0000,0.0000,0.0000,0.0000,0.0000,0.0000,0.0000,0.0000,0.0000,0.0000,0.0000,0.0000,0.0000,0.0000,0.0000,0.0000,0.0000,0.0000,0.0000,0.0000,0.0000,0.0000,0.0000,0.0000,0.0000,0.0000,0.0000,0.0000,81.5952,1484.3077,1.9302,20.5157,1.4193
3711.0000,984.0000,1050.0000,44.0000,952.0000,242.0000,262.0000,14.0000,129.0000,45.0000,44.0000,1.0000,0.0000,0.0000,0.0000,0.0000,0.0000,0.0000,0.0000,0.0000,0.0000,0.0000,0.0000,0.0000,0.0000,0.0000,0.0000,0.0000,0.0000,0.0000,0.0000,0.0000,0.0000,0.0000,0.0000,0.0000,86.8234,1453.8385,1.4669,47.1432,0.9667
3145.0000,809.0000,1039.0000,20.0000,582.0000,144.0000,182.0000,3.0000,374.0000,93.0000,112.0000,2.0000,0.0000,0.0000,0.0000,0.0000,0.0000,0.0000,0.0000,0.0000,0.0000,0.0000,0.0000,0.0000,0.0000,0.0000,0.0000,0.0000,0.0000,0.0000,0.0000,0.0000,0.0000,0.0000,0.0000,0.0000,75.4717,1278.4568,1.4254,45.0373,0.5021
3408.0000,863.0000,1098.0000,21.0000,590.0000,145.0000,180.0000,3.0000,603.0000,156.0000,194.0000,3.0000,0.0000,0.0000,0.0000,0.0000,0.0000,0.0000,0.0000,0.0000,0.0000,0.0000,0.0000,0.0000,0.0000,0.0000,0.0000,0.0000,0.0000,0.0000,0.0000,0.0000,0.0000,0.0000,0.0000,0.0000,82.7315,1433.1248,1.5417,37.3751,0.7581
1546.0000,354.0000,478.0000,21.0000,262.0000,59.0000,80.0000,3.0000,181.0000,43.0000,56.0000,2.0000,0.0000,0.0000,0.0000,0.0000,0.0000,0.0000,0.0000,0.0000,0.0000,0.0000,0.0000,0.0000,338.0000,72.0000,96.0000,4.0000,0.0000,0.0000,0.0000,0.0000,0.0000,0.0000,0.0000,0.0000,89.3909,881.0110,1.9193,39.5815,2.0339
2214.0000,503.0000,684.0000,29.0000,416.0000,102.0000,124.0000,6.0000,463.0000,105.0000,130.0000,5.0000,0.0000,0.0000,0.0000,0.0000,0.0000,0.0000,0.0000,0.0000,0.0000,0.0000,0.0000,0.0000,0.0000,0.0000,0.0000,0.0000,0.0000,0.0000,0.0000,0.0000,0.0000,0.0000,0.0000,0.0000,103.1301,1119.5837,3.4636,54.3266,2.1781
4893.0000,1251.0000,1528.0000,27.0000,685.0000,175.0000,218.0000,4.0000,727.0000,184.0000,233.0000,4.0000,0.0000,0.0000,0.0000,0.0000,0.0000,0.0000,0.0000,0.0000,0.0000,0.0000,0.0000,0.0000,0.0000,0.0000,0.0000,0.0000,0.0000,0.0000,0.0000,0.0000,0.0000,0.0000,0.0000,0.0000,110.8168,1896.4025,4.0753,63.8517,4.4186
4230.0000,1035.0000,1132.0000,53.0000,200.0000,54.0000,59.0000,3.0000,216.0000,56.0000,59.0000,3.0000,0.0000,0.0000,0.0000,0.0000,0.0000,0.0000,0.0000,0.0000,0.0000,0.0000,0.0000,0.0000,0.0000,0.0000,0.0000,0.0000,0.0000,0.0000,0.0000,0.0000,0.0000,0.0000,0.0000,0.0000,67.5821,1373.3713,1.4562,82.1737,1.0000
4575.0000,1126.0000,1261.0000,59.0000,388.0000,104.0000,119.0000,6.0000,0.0000,0.0000,0.0000,0.0000,0.0000,0.0000,0.0000,0.0000,0.0000,0.0000,0.0000,0.0000,0.0000,0.0000,0.0000,0.0000,0.0000,0.0000,0.0000,0.0000,0.0000,0.0000,0.0000,0.0000,0.0000,0.0000,0.0000,0.0000,71.2023,1488.7354,1.3419,63.3082,0.4766
4315.0000,1074.0000,1185.0000,53.0000,0.0000,0.0000,0.0000,0.0000,974.0000,276.0000,314.0000,6.0000,156.0000,43.0000,50.0000,0.0000,180.0000,51.0000,56.0000,1.0000,0.0000,0.0000,0.0000,0.0000,0.0000,0.0000,0.0000,0.0000,0.0000,0.0000,0.0000,0.0000,0.0000,0.0000,0.0000,0.0000,88.0334,1640.7028,3.8849,90.7115,3.7662
3719.0000,909.0000,1000.0000,49.0000,195.0000,50.0000,57.0000,3.0000,971.0000,252.0000,288.0000,11.0000,0.0000,0.0000,0.0000,0.0000,186.0000,50.0000,55.0000,2.0000,0.0000,0.0000,0.0000,0.0000,0.0000,0.0000,0.0000,0.0000,0.0000,0.0000,0.0000,0.0000,0.0000,0.0000,0.0000,0.0000,79.7114,1426.4379,2.0558,60.8172,3.4890
3422.0000,866.0000,958.0000,36.0000,0.0000,0.0000,0.0000,0.0000,1363.0000,369.0000,430.0000,11.0000,177.0000,46.0000,59.0000,2.0000,201.0000,58.0000,64.0000,2.0000,0.0000,0.0000,0.0000,0.0000,0.0000,0.0000,0.0000,0.0000,0.0000,0.0000,0.0000,0.0000,0.0000,0.0000,0.0000,0.0000,92.8422,1408.8551,5.1724,59.1117,6.1319
2007.0000,561.0000,660.0000,57.0000,437.0000,120.0000,147.0000,12.0000,0.0000,0.0000,0.0000,0.0000,0.0000,0.0000,0.0000,0.0000,0.0000,0.0000,0.0000,0.0000,0.0000,0.0000,0.0000,0.0000,0.0000,0.0000,0.0000,0.0000,0.0000,0.0000,0.0000,0.0000,0.0000,0.0000,0.0000,0.0000,61.6900,865.7314,0.6354,11.1526,0.7476
4418.0000,1178.0000,1334.0000,98.0000,1240.0000,339.0000,387.0000,30.0000,483.0000,130.0000,142.0000,12.0000,0.0000,0.0000,0.0000,0.0000,0.0000,0.0000,0.0000,0.0000,0.0000,0.0000,0.0000,0.0000,0.0000,0.0000,0.0000,0.0000,0.0000,0.0000,0.0000,0.0000,0.0000,0.0000,0.0000,0.0000,95.2333,1789.3345,1.3857,50.1894,2.6050
3813.0000,1003.0000,1187.0000,86.0000,690.0000,192.0000,230.0000,19.0000,325.0000,78.0000,95.0000,9.0000,0.0000,0.0000,0.0000,0.0000,0.0000,0.0000,0.0000,0.0000,152.0000,37.0000,46.0000,1.0000,0.0000,0.0000,0.0000,0.0000,0.0000,0.0000,0.0000,0.0000,0.0000,0.0000,0.0000,0.0000,103.0967,1621.4814,2.9901,40.8506,4.1520
3585.0000,946.0000,1105.0000,79.0000,855.0000,228.0000,269.0000,21.0000,313.0000,84.0000,101.0000,9.0000,0.0000,0.0000,0.0000,0.0000,0.0000,0.0000,0.0000,0.0000,0.0000,0.0000,0.0000,0.0000,0.0000,0.0000,0.0000,0.0000,0.0000,0.0000,0.0000,0.0000,0.0000,0.0000,0.0000,0.0000,109.7899,1524.3577,3.8135,50.5877,6.0422
4326.0000,1140.0000,1340.0000,96.0000,1001.0000,266.0000,324.0000,25.0000,790.0000,206.0000,235.0000,17.0000,121.0000,31.0000,36.0000,3.0000,0.0000,0.0000,0.0000,0.0000,0.0000,0.0000,0.0000,0.0000,175.0000,42.0000,54.0000,1.0000,0.0000,0.0000,0.0000,0.0000,0.0000,0.0000,0.0000,0.0000,166.8791,2048.2839,3.8048,48.6693,4.6908
2145.0000,460.0000,413.0000,43.0000,0.0000,0.0000,0.0000,0.0000,442.0000,107.0000,93.0000,4.0000,0.0000,0.0000,0.0000,0.0000,0.0000,0.0000,0.0000,0.0000,0.0000,0.0000,0.0000,0.0000,0.0000,0.0000,0.0000,0.0000,0.0000,0.0000,0.0000,0.0000,0.0000,0.0000,0.0000,0.0000,53.7511,763.1714,2.3273,47.6824,1.4132
4076.0000,922.0000,934.0000,93.0000,0.0000,0.0000,0.0000,0.0000,718.0000,160.0000,168.0000,14.0000,0.0000,0.0000,0.0000,0.0000,0.0000,0.0000,0.0000,0.0000,0.0000,0.0000,0.0000,0.0000,0.0000,0.0000,0.0000,0.0000,0.0000,0.0000,0.0000,0.0000,0.0000,0.0000,0.0000,0.0000,68.7792,1311.1832,1.1701,55.7541,1.0000
3997.0000,906.0000,913.0000,86.0000,376.0000,82.0000,89.0000,8.0000,643.0000,154.0000,147.0000,12.0000,230.0000,50.0000,49.0000,4.0000,0.0000,0.0000,0.0000,0.0000,0.0000,0.0000,0.0000,0.0000,829.0000,183.0000,174.0000,18.0000,0.0000,0.0000,0.0000,0.0000,0.0000,0.0000,0.0000,0.0000,124.9690,1644.2683,1.8044,57.5213,1.5488
5566.0000,1336.0000,1348.0000,110.0000,208.0000,49.0000,46.0000,4.0000,1099.0000,258.0000,286.0000,22.0000,0.0000,0.0000,0.0000,0.0000,0.0000,0.0000,0.0000,0.0000,0.0000,0.0000,0.0000,0.0000,0.0000,0.0000,0.0000,0.0000,0.0000,0.0000,0.0000,0.0000,0.0000,0.0000,0.0000,0.0000,104.0520,1906.7206,1.7706,69.5233,0.0000
5443.0000,1222.0000,1259.0000,113.0000,379.0000,91.0000,95.0000,8.0000,1032.0000,233.0000,248.0000,19.0000,0.0000,0.0000,0.0000,0.0000,0.0000,0.0000,0.0000,0.0000,693.0000,155.0000,145.0000,12.0000,210.0000,54.0000,46.0000,4.0000,0.0000,0.0000,0.0000,0.0000,0.0000,0.0000,0.0000,0.0000,117.7789,2278.4368,2.9255,64.8699,1.3322
4041.0000,1101.0000,1082.0000,0.0000,772.0000,212.0000,208.0000,0.0000,234.0000,61.0000,53.0000,0.0000,0.0000,0.0000,0.0000,0.0000,0.0000,0.0000,0.0000,0.0000,0.0000,0.0000,0.0000,0.0000,0.0000,0.0000,0.0000,0.0000,0.0000,0.0000,0.0000,0.0000,0.0000,0.0000,0.0000,0.0000,98.9535,1512.3868,4.7058,53.7068,4.8760
3107.0000,828.0000,822.0000,0.0000,778.0000,211.0000,208.0000,0.0000,427.0000,117.0000,104.0000,0.0000,0.0000,0.0000,0.0000,0.0000,0.0000,0.0000,0.0000,0.0000,600.0000,154.0000,150.0000,0.0000,0.0000,0.0000,0.0000,0.0000,0.0000,0.0000,0.0000,0.0000,0.0000,0.0000,0.0000,0.0000,99.8472,1490.3873,3.1741,44.6120,3.8811
3902.0000,1021.0000,1056.0000,0.0000,1356.0000,344.0000,351.0000,0.0000,186.0000,48.0000,54.0000,0.0000,164.0000,45.0000,43.0000,0.0000,0.0000,0.0000,0.0000,0.0000,0.0000,0.0000,0.0000,0.0000,0.0000,0.0000,0.0000,0.0000,0.0000,0.0000,0.0000,0.0000,0.0000,0.0000,0.0000,0.0000,114.8033,1639.9846,4.2256,59.6571,1.2896
4559.0000,1176.0000,1212.0000,0.0000,755.0000,198.0000,216.0000,0.0000,195.0000,46.0000,50.0000,0.0000,0.0000,0.0000,0.0000,0.0000,0.0000,0.0000,0.0000,0.0000,421.0000,102.0000,118.0000,0.0000,170.0000,41.0000,42.0000,0.0000,1.0000,0.0000,0.0000,0.0000,0.0000,0.0000,0.0000,0.0000,95.8670,1763.3081,3.2936,58.3161,1.9676
2996.0000,800.0000,796.0000,0.0000,1372.0000,364.0000,369.0000,0.0000,104.0000,28.0000,29.0000,0.0000,138.0000,36.0000,38.0000,0.0000,0.0000,0.0000,0.0000,0.0000,0.0000,0.0000,0.0000,0.0000,0.0000,0.0000,0.0000,0.0000,0.0000,0.0000,0.0000,0.0000,0.0000,0.0000,0.0000,0.0000,96.3332,1453.8269,4.2498,12.0608,2.2477
1445.0000,388.0000,455.0000,41.0000,210.0000,59.0000,65.0000,5.0000,285.0000,87.0000,102.0000,8.0000,0.0000,0.0000,0.0000,0.0000,0.0000,0.0000,0.0000,0.0000,0.0000,0.0000,0.0000,0.0000,0.0000,0.0000,0.0000,0.0000,0.0000,0.0000,0.0000,0.0000,0.0000,0.0000,0.0000,0.0000,49.3099,691.0060,1.4653,3.7396,1.1653
1328.0000,359.0000,404.0000,36.0000,410.0000,110.0000,123.0000,9.0000,0.0000,0.0000,0.0000,0.0000,0.0000,0.0000,0.0000,0.0000,0.0000,0.0000,0.0000,0.0000,0.0000,0.0000,0.0000,0.0000,0.0000,0.0000,0.0000,0.0000,0.0000,0.0000,0.0000,0.0000,0.0000,0.0000,0.0000,0.0000,60.2250,620.1006,2.9335,5.2894,4.5818
1559.0000,437.0000,499.0000,42.0000,417.0000,114.0000,116.0000,9.0000,0.0000,0.0000,0.0000,0.0000,209.0000,56.0000,63.0000,7.0000,0.0000,0.0000,0.0000,0.0000,0.0000,0.0000,0.0000,0.0000,0.0000,0.0000,0.0000,0.0000,0.0000,0.0000,0.0000,0.0000,136.0000,42.0000,44.0000,3.0000,74.4350,794.6492,3.0380,7.3312,2.9682
2908.0000,846.0000,913.0000,74.0000,645.0000,180.0000,193.0000,14.0000,119.0000,40.0000,44.0000,4.0000,0.0000,0.0000,0.0000,0.0000,0.0000,0.0000,0.0000,0.0000,0.0000,0.0000,0.0000,0.0000,0.0000,0.0000,0.0000,0.0000,0.0000,0.0000,0.0000,0.0000,0.0000,0.0000,0.0000,0.0000,78.3403,1164.3352,3.4354,11.2547,5.2966
3365.0000,985.0000,1073.0000,84.0000,1037.0000,300.0000,318.0000,22.0000,115.0000,34.0000,42.0000,4.0000,0.0000,0.0000,0.0000,0.0000,0.0000,0.0000,0.0000,0.0000,0.0000,0.0000,0.0000,0.0000,0.0000,0.0000,0.0000,0.0000,0.0000,0.0000,0.0000,0.0000,0.0000,0.0000,0.0000,0.0000,103.1769,1434.6224,3.8121,8.7722,4.3930
576.0000,192.0000,117.0000,0.0000,135.0000,40.0000,30.0000,0.0000,248.0000,77.0000,55.0000,0.0000,128.0000,38.0000,27.0000,0.0000,0.0000,0.0000,0.0000,0.0000,0.0000,0.0000,0.0000,0.0000,0.0000,0.0000,0.0000,0.0000,0.0000,0.0000,0.0000,0.0000,0.0000,0.0000,0.0000,0.0000,41.5344,554.8730,0.7078,3.7565,0.0034
2130.0000,563.0000,509.0000,12.0000,859.0000,229.0000,207.0000,4.0000,0.0000,0.0000,0.0000,0.0000,0.0000,0.0000,0.0000,0.0000,0.0000,0.0000,0.0000,0.0000,0.0000,0.0000,0.0000,0.0000,0.0000,0.0000,0.0000,0.0000,0.0000,0.0000,0.0000,0.0000,0.0000,0.0000,0.0000,0.0000,53.1471,854.2606,4.3620,16.3496,1.9193
1289.0000,354.0000,313.0000,6.0000,244.0000,68.0000,62.0000,1.0000,493.0000,134.0000,122.0000,2.0000,243.0000,70.0000,65.0000,1.0000,0.0000,0.0000,0.0000,0.0000,225.0000,62.0000,58.0000,1.0000,0.0000,0.0000,0.0000,0.0000,0.0000,0.0000,0.0000,0.0000,0.0000,0.0000,0.0000,0.0000,52.6861,682.5302,2.4534,18.7648,1.5941
1744.0000,484.0000,434.0000,9.0000,419.0000,109.0000,97.0000,2.0000,666.0000,192.0000,171.0000,3.0000,244.0000,68.0000,64.0000,1.0000,0.0000,0.0000,0.0000,0.0000,395.0000,94.0000,91.0000,3.0000,0.0000,0.0000,0.0000,0.0000,0.0000,0.0000,0.0000,0.0000,0.0000,0.0000,0.0000,0.0000,56.8946,942.2860,2.4109,28.9134,2.6333
1625.0000,449.0000,386.0000,9.0000,462.0000,129.0000,114.0000,2.0000,651.0000,177.0000,159.0000,3.0000,460.0000,128.0000,114.0000,2.0000,0.0000,0.0000,0.0000,0.0000,0.0000,0.0000,0.0000,0.0000,0.0000,0.0000,0.0000,0.0000,0.0000,0.0000,0.0000,0.0000,0.0000,0.0000,0.0000,0.0000,59.5570,862.9139,2.4755,13.3229,1.8064
2443.0000,605.0000,782.0000,21.0000,188.0000,50.0000,64.0000,2.0000,661.0000,165.0000,199.0000,5.0000,0.0000,0.0000,0.0000,0.0000,0.0000,0.0000,0.0000,0.0000,0.0000,0.0000,0.0000,0.0000,0.0000,0.0000,0.0000,0.0000,0.0000,0.0000,0.0000,0.0000,0.0000,0.0000,0.0000,0.0000,65.9321,1041.6355,1.1455,14.2258,1.1429
1887.0000,484.0000,591.0000,15.0000,807.0000,203.0000,243.0000,8.0000,0.0000,0.0000,0.0000,0.0000,176.0000,53.0000,60.0000,2.0000,0.0000,0.0000,0.0000,0.0000,0.0000,0.0000,0.0000,0.0000,226.0000,56.0000,67.0000,2.0000,0.0000,0.0000,0.0000,0.0000,0.0000,0.0000,0.0000,0.0000,58.7129,938.1366,0.9725,29.6613,0.9343
3592.0000,950.0000,1153.0000,29.0000,375.0000,105.0000,126.0000,4.0000,1035.0000,276.0000,335.0000,8.0000,0.0000,0.0000,0.0000,0.0000,0.0000,0.0000,0.0000,0.0000,0.0000,0.0000,0.0000,0.0000,0.0000,0.0000,0.0000,0.0000,0.0000,0.0000,0.0000,0.0000,0.0000,0.0000,0.0000,0.0000,94.5313,1549.0652,2.5564,35.7063,2.9600
3172.0000,777.0000,956.0000,27.0000,827.0000,201.0000,239.0000,7.0000,165.0000,41.0000,50.0000,1.0000,0.0000,0.0000,0.0000,0.0000,0.0000,0.0000,0.0000,0.0000,0.0000,0.0000,0.0000,0.0000,430.0000,97.0000,120.0000,5.0000,0.0000,0.0000,0.0000,0.0000,0.0000,0.0000,0.0000,0.0000,81.0245,1323.3997,2.3153,41.1242,1.6590
5430.0000,1265.0000,1482.0000,51.0000,1212.0000,286.0000,331.0000,11.0000,199.0000,47.0000,61.0000,1.0000,0.0000,0.0000,0.0000,0.0000,0.0000,0.0000,0.0000,0.0000,0.0000,0.0000,0.0000,0.0000,0.0000,0.0000,0.0000,0.0000,0.0000,0.0000,0.0000,0.0000,0.0000,0.0000,0.0000,0.0000,142.9525,2056.5027,4.4730,107.0872,3.9378
4142.0000,952.0000,965.0000,113.0000,456.0000,103.0000,111.0000,14.0000,900.0000,201.0000,221.0000,24.0000,223.0000,51.0000,56.0000,6.0000,0.0000,0.0000,0.0000,0.0000,911.0000,219.0000,219.0000,25.0000,0.0000,0.0000,0.0000,0.0000,0.0000,0.0000,0.0000,0.0000,0.0000,0.0000,0.0000,0.0000,101.9596,1874.4138,3.4468,57.9998,3.0741
4408.0000,1026.0000,1012.0000,119.0000,694.0000,157.0000,164.0000,18.0000,1371.0000,312.0000,315.0000,39.0000,0.0000,0.0000,0.0000,0.0000,0.0000,0.0000,0.0000,0.0000,700.0000,174.0000,164.0000,23.0000,0.0000,0.0000,0.0000,0.0000,0.0000,0.0000,0.0000,0.0000,0.0000,0.0000,0.0000,0.0000,131.5776,2090.3555,4.9800,66.5240,3.2124
4192.0000,974.0000,959.0000,116.0000,465.0000,104.0000,104.0000,14.0000,712.0000,156.0000,163.0000,19.0000,0.0000,0.0000,0.0000,0.0000,0.0000,0.0000,0.0000,0.0000,916.0000,221.0000,210.0000,27.0000,228.0000,54.0000,55.0000,4.0000,0.0000,0.0000,0.0000,0.0000,0.0000,0.0000,0.0000,0.0000,111.7601,1833.6989,4.3200,63.6415,3.5516
4206.0000,970.0000,959.0000,114.0000,689.0000,154.0000,164.0000,19.0000,707.0000,159.0000,161.0000,18.0000,0.0000,0.0000,0.0000,0.0000,0.0000,0.0000,0.0000,0.0000,0.0000,0.0000,0.0000,0.0000,0.0000,0.0000,0.0000,0.0000,0.0000,0.0000,0.0000,0.0000,235.0000,56.0000,55.0000,8.0000,121.7432,1665.1625,3.0241,61.1775,2.4318
3503.0000,792.0000,792.0000,103.0000,705.0000,161.0000,157.0000,22.0000,466.0000,106.0000,117.0000,14.0000,0.0000,0.0000,0.0000,0.0000,0.0000,0.0000,0.0000,0.0000,677.0000,154.0000,161.0000,17.0000,233.0000,54.0000,48.0000,7.0000,0.0000,0.0000,0.0000,0.0000,0.0000,0.0000,0.0000,0.0000,95.3762,1580.4581,2.5787,47.3270,2.5472
1526.0000,377.0000,464.0000,10.0000,594.0000,145.0000,183.0000,3.0000,423.0000,109.0000,132.0000,0.0000,205.0000,54.0000,62.0000,0.0000,0.0000,0.0000,0.0000,0.0000,0.0000,0.0000,0.0000,0.0000,0.0000,0.0000,0.0000,0.0000,0.0000,0.0000,0.0000,0.0000,0.0000,0.0000,0.0000,0.0000,68.1352,842.2463,2.1025,2.7556,1.1731
1640.0000,390.0000,481.0000,30.0000,474.0000,114.0000,136.0000,7.0000,934.0000,229.0000,273.0000,14.0000,0.0000,0.0000,0.0000,0.0000,0.0000,0.0000,0.0000,0.0000,0.0000,0.0000,0.0000,0.0000,0.0000,0.0000,0.0000,0.0000,0.0000,0.0000,0.0000,0.0000,0.0000,0.0000,0.0000,0.0000,85.4393,935.4724,7.8414,15.1729,6.9326
2293.0000,528.0000,654.0000,42.0000,673.0000,158.0000,194.0000,12.0000,906.0000,199.0000,251.0000,11.0000,0.0000,0.0000,0.0000,0.0000,0.0000,0.0000,0.0000,0.0000,0.0000,0.0000,0.0000,0.0000,0.0000,0.0000,0.0000,0.0000,0.0000,0.0000,0.0000,0.0000,0.0000,0.0000,0.0000,0.0000,112.1648,1126.6710,7.0320,18.2708,10.2892
2091.0000,503.0000,621.0000,30.0000,215.0000,51.0000,64.0000,4.0000,866.0000,203.0000,254.0000,11.0000,0.0000,0.0000,0.0000,0.0000,0.0000,0.0000,0.0000,0.0000,0.0000,0.0000,0.0000,0.0000,0.0000,0.0000,0.0000,0.0000,0.0000,0.0000,0.0000,0.0000,0.0000,0.0000,0.0000,0.0000,79.1796,982.0737,4.6623,20.3531,7.1421
1583.0000,367.0000,452.0000,25.0000,667.0000,159.0000,196.0000,10.0000,896.0000,204.0000,254.0000,12.0000,0.0000,0.0000,0.0000,0.0000,0.0000,0.0000,0.0000,0.0000,226.0000,53.0000,64.0000,5.0000,0.0000,0.0000,0.0000,0.0000,0.0000,0.0000,0.0000,0.0000,0.0000,0.0000,0.0000,0.0000,106.3565,1028.1750,5.9208,1.7704,10.4266
887.0000,307.0000,357.0000,8.0000,846.0000,262.0000,331.0000,8.0000,95.0000,33.0000,40.0000,1.0000,0.0000,0.0000,0.0000,0.0000,0.0000,0.0000,0.0000,0.0000,0.0000,0.0000,0.0000,0.0000,0.0000,0.0000,0.0000,0.0000,0.0000,0.0000,0.0000,0.0000,0.0000,0.0000,0.0000,0.0000,38.3091,582.1671,2.8476,12.3457,3.4712
1197.0000,331.0000,360.0000,12.0000,83.0000,25.0000,26.0000,1.0000,278.0000,75.0000,83.0000,4.0000,0.0000,0.0000,0.0000,0.0000,0.0000,0.0000,0.0000,0.0000,0.0000,0.0000,0.0000,0.0000,0.0000,0.0000,0.0000,0.0000,0.0000,0.0000,0.0000,0.0000,0.0000,0.0000,0.0000,0.0000,17.6615,479.3337,0.4393,20.3345,0.0000
2249.0000,735.0000,889.0000,25.0000,917.0000,283.0000,363.0000,9.0000,127.0000,45.0000,57.0000,2.0000,0.0000,0.0000,0.0000,0.0000,0.0000,0.0000,0.0000,0.0000,0.0000,0.0000,0.0000,0.0000,0.0000,0.0000,0.0000,0.0000,0.0000,0.0000,0.0000,0.0000,0.0000,0.0000,0.0000,0.0000,86.8678,1207.2255,3.7327,20.5539,5.5440
1976.0000,639.0000,792.0000,22.0000,828.0000,251.0000,328.0000,7.0000,135.0000,45.0000,55.0000,2.0000,0.0000,0.0000,0.0000,0.0000,0.0000,0.0000,0.0000,0.0000,0.0000,0.0000,0.0000,0.0000,0.0000,0.0000,0.0000,0.0000,116.0000,36.0000,42.0000,1.0000,0.0000,0.0000,0.0000,0.0000,86.0149,1111.1521,3.9598,19.9907,6.1535
2082.0000,667.0000,826.0000,23.0000,1037.0000,316.0000,414.0000,10.0000,134.0000,45.0000,56.0000,2.0000,0.0000,0.0000,0.0000,0.0000,0.0000,0.0000,0.0000,0.0000,0.0000,0.0000,0.0000,0.0000,0.0000,0.0000,0.0000,0.0000,0.0000,0.0000,0.0000,0.0000,0.0000,0.0000,0.0000,0.0000,92.1171,1194.4664,4.8789,19.0189,5.4156
1913.0000,445.0000,560.0000,41.0000,348.0000,85.0000,107.0000,6.0000,1108.0000,260.0000,343.0000,13.0000,0.0000,0.0000,0.0000,0.0000,139.0000,38.0000,47.0000,2.0000,0.0000,0.0000,0.0000,0.0000,0.0000,0.0000,0.0000,0.0000,0.0000,0.0000,0.0000,0.0000,0.0000,0.0000,0.0000,0.0000,78.3798,913.3304,5.4969,20.9340,7.8132
2459.0000,580.0000,691.0000,47.0000,406.0000,97.0000,115.0000,8.0000,1243.0000,278.0000,355.0000,17.0000,0.0000,0.0000,0.0000,0.0000,0.0000,0.0000,0.0000,0.0000,0.0000,0.0000,0.0000,0.0000,214.0000,44.0000,59.0000,5.0000,0.0000,0.0000,0.0000,0.0000,0.0000,0.0000,0.0000,0.0000,93.6671,1228.5541,8.0454,29.2173,10.9084
2422.0000,587.0000,704.0000,46.0000,223.0000,51.0000,62.0000,4.0000,1332.0000,318.0000,374.0000,23.0000,0.0000,0.0000,0.0000,0.0000,0.0000,0.0000,0.0000,0.0000,0.0000,0.0000,0.0000,0.0000,0.0000,0.0000,0.0000,0.0000,0.0000,0.0000,0.0000,0.0000,0.0000,0.0000,0.0000,0.0000,99.9889,1164.3586,5.5349,18.0802,8.3957
2482.0000,600.0000,724.0000,40.0000,226.0000,53.0000,63.0000,4.0000,1840.0000,433.0000,524.0000,28.0000,0.0000,0.0000,0.0000,0.0000,0.0000,0.0000,0.0000,0.0000,0.0000,0.0000,0.0000,0.0000,0.0000,0.0000,0.0000,0.0000,0.0000,0.0000,0.0000,0.0000,0.0000,0.0000,0.0000,0.0000,114.9027,1348.7725,6.6823,12.2868,11.7592
2707.0000,649.0000,777.0000,46.0000,463.0000,108.0000,132.0000,8.0000,1617.0000,378.0000,452.0000,24.0000,0.0000,0.0000,0.0000,0.0000,0.0000,0.0000,0.0000,0.0000,0.0000,0.0000,0.0000,0.0000,0.0000,0.0000,0.0000,0.0000,0.0000,0.0000,0.0000,0.0000,0.0000,0.0000,0.0000,0.0000,126.4993,1410.2758,7.7762,12.1912,12.5338
3165.0000,725.0000,713.0000,97.0000,0.0000,0.0000,0.0000,0.0000,436.0000,98.0000,93.0000,10.0000,0.0000,0.0000,0.0000,0.0000,0.0000,0.0000,0.0000,0.0000,0.0000,0.0000,0.0000,0.0000,690.0000,159.0000,155.0000,23.0000,0.0000,0.0000,0.0000,0.0000,0.0000,0.0000,0.0000,0.0000,48.4069,1210.8694,2.3021,58.4806,2.4976
3991.0000,900.0000,951.0000,136.0000,0.0000,0.0000,0.0000,0.0000,817.0000,191.0000,208.0000,25.0000,0.0000,0.0000,0.0000,0.0000,0.0000,0.0000,0.0000,0.0000,0.0000,0.0000,0.0000,0.0000,0.0000,0.0000,0.0000,0.0000,0.0000,0.0000,0.0000,0.0000,0.0000,0.0000,0.0000,0.0000,65.9051,1404.2426,2.2581,59.7541,2.5195
3783.0000,875.0000,881.0000,123.0000,0.0000,0.0000,0.0000,0.0000,395.0000,90.0000,89.0000,9.0000,0.0000,0.0000,0.0000,0.0000,0.0000,0.0000,0.0000,0.0000,0.0000,0.0000,0.0000,0.0000,0.0000,0.0000,0.0000,0.0000,0.0000,0.0000,0.0000,0.0000,0.0000,0.0000,0.0000,0.0000,53.8970,1210.3655,1.7138,59.1558,1.6183
3856.0000,901.0000,921.0000,131.0000,0.0000,0.0000,0.0000,0.0000,649.0000,146.0000,152.0000,18.0000,0.0000,0.0000,0.0000,0.0000,0.0000,0.0000,0.0000,0.0000,0.0000,0.0000,0.0000,0.0000,0.0000,0.0000,0.0000,0.0000,0.0000,0.0000,0.0000,0.0000,0.0000,0.0000,0.0000,0.0000,54.9541,1325.0797,2.7790,67.3779,3.1728
5931.0000,1339.0000,1345.0000,190.0000,0.0000,0.0000,0.0000,0.0000,427.0000,101.0000,94.0000,11.0000,0.0000,0.0000,0.0000,0.0000,0.0000,0.0000,0.0000,0.0000,619.0000,159.0000,158.0000,24.0000,0.0000,0.0000,0.0000,0.0000,0.0000,0.0000,0.0000,0.0000,0.0000,0.0000,0.0000,0.0000,100.2009,1919.7632,2.4092,110.9756,2.7879
3157.0000,915.0000,988.0000,91.0000,549.0000,152.0000,175.0000,14.0000,422.0000,121.0000,134.0000,13.0000,208.0000,58.0000,69.0000,6.0000,0.0000,0.0000,0.0000,0.0000,0.0000,0.0000,0.0000,0.0000,223.0000,59.0000,70.0000,7.0000,0.0000,0.0000,0.0000,0.0000,0.0000,0.0000,0.0000,0.0000,109.7742,1467.4646,2.3174,17.1112,0.3567
4192.0000,1309.0000,1368.0000,116.0000,788.0000,222.0000,248.0000,18.0000,244.0000,82.0000,81.0000,7.0000,0.0000,0.0000,0.0000,0.0000,0.0000,0.0000,0.0000,0.0000,0.0000,0.0000,0.0000,0.0000,0.0000,0.0000,0.0000,0.0000,0.0000,0.0000,0.0000,0.0000,0.0000,0.0000,0.0000,0.0000,171.5727,1832.4564,7.4544,48.7990,2.8450
3463.0000,970.0000,1097.0000,93.0000,747.0000,221.0000,236.0000,22.0000,391.0000,110.0000,116.0000,7.0000,0.0000,0.0000,0.0000,0.0000,0.0000,0.0000,0.0000,0.0000,362.0000,123.0000,124.0000,10.0000,226.0000,60.0000,68.0000,7.0000,0.0000,0.0000,0.0000,0.0000,0.0000,0.0000,0.0000,0.0000,174.8537,1800.4973,3.9771,66.4809,1.6850
3370.0000,969.0000,1069.0000,82.0000,1175.0000,331.0000,378.0000,25.0000,376.0000,106.0000,123.0000,11.0000,0.0000,0.0000,0.0000,0.0000,0.0000,0.0000,0.0000,0.0000,458.0000,163.0000,148.0000,13.0000,0.0000,0.0000,0.0000,0.0000,0.0000,0.0000,0.0000,0.0000,0.0000,0.0000,0.0000,0.0000,160.8217,1888.3931,3.4603,32.5884,2.8709
3132.0000,872.0000,983.0000,79.0000,712.0000,197.0000,226.0000,16.0000,454.0000,126.0000,139.0000,10.0000,109.0000,32.0000,37.0000,3.0000,0.0000,0.0000,0.0000,0.0000,0.0000,0.0000,0.0000,0.0000,472.0000,142.0000,152.0000,14.0000,0.0000,0.0000,0.0000,0.0000,0.0000,0.0000,0.0000,0.0000,157.1898,1710.1948,2.9386,24.7638,1.4317
2209.0000,596.0000,652.0000,20.0000,1119.0000,299.0000,320.0000,10.0000,869.0000,227.0000,269.0000,9.0000,0.0000,0.0000,0.0000,0.0000,0.0000,0.0000,0.0000,0.0000,0.0000,0.0000,0.0000,0.0000,0.0000,0.0000,0.0000,0.0000,0.0000,0.0000,0.0000,0.0000,0.0000,0.0000,0.0000,0.0000,117.8861,1339.4894,6.4892,0.0000,9.5592
2640.0000,690.0000,785.0000,24.0000,882.0000,234.0000,263.0000,8.0000,662.0000,172.0000,202.0000,6.0000,190.0000,54.0000,64.0000,3.0000,0.0000,0.0000,0.0000,0.0000,0.0000,0.0000,0.0000,0.0000,0.0000,0.0000,0.0000,0.0000,0.0000,0.0000,0.0000,0.0000,0.0000,0.0000,0.0000,0.0000,123.6163,1408.4690,6.8032,8.4199,5.5510
2624.0000,700.0000,778.0000,24.0000,1116.0000,293.0000,323.0000,10.0000,441.0000,109.0000,132.0000,4.0000,193.0000,53.0000,65.0000,2.0000,0.0000,0.0000,0.0000,0.0000,0.0000,0.0000,0.0000,0.0000,0.0000,0.0000,0.0000,0.0000,0.0000,0.0000,0.0000,0.0000,0.0000,0.0000,0.0000,0.0000,121.5167,1390.2354,4.6309,4.1859,6.8954
2813.0000,748.0000,848.0000,26.0000,1103.0000,288.0000,321.0000,10.0000,205.0000,51.0000,65.0000,3.0000,189.0000,51.0000,60.0000,3.0000,0.0000,0.0000,0.0000,0.0000,0.0000,0.0000,0.0000,0.0000,0.0000,0.0000,0.0000,0.0000,0.0000,0.0000,0.0000,0.0000,0.0000,0.0000,0.0000,0.0000,117.4407,1371.3912,3.3013,7.6768,4.4153
3264.0000,857.0000,988.0000,36.0000,1105.0000,288.0000,320.0000,10.0000,206.0000,56.0000,65.0000,3.0000,191.0000,50.0000,60.0000,3.0000,0.0000,0.0000,0.0000,0.0000,0.0000,0.0000,0.0000,0.0000,0.0000,0.0000,0.0000,0.0000,0.0000,0.0000,0.0000,0.0000,0.0000,0.0000,0.0000,0.0000,135.6735,1512.9116,4.6461,35.3530,4.7207
1282.0000,362.0000,447.0000,38.0000,197.0000,56.0000,62.0000,5.0000,0.0000,0.0000,0.0000,0.0000,0.0000,0.0000,0.0000,0.0000,0.0000,0.0000,0.0000,0.0000,0.0000,0.0000,0.0000,0.0000,0.0000,0.0000,0.0000,0.0000,0.0000,0.0000,0.0000,0.0000,0.0000,0.0000,0.0000,0.0000,41.0500,572.6500,0.7622,6.2835,1.3651
1761.0000,498.0000,615.0000,51.0000,413.0000,119.0000,145.0000,11.0000,0.0000,0.0000,0.0000,0.0000,0.0000,0.0000,0.0000,0.0000,0.0000,0.0000,0.0000,0.0000,0.0000,0.0000,0.0000,0.0000,0.0000,0.0000,0.0000,0.0000,0.0000,0.0000,0.0000,0.0000,0.0000,0.0000,0.0000,0.0000,60.2122,759.6714,1.9153,2.6019,3.0546
1191.0000,340.0000,409.0000,33.0000,536.0000,151.0000,178.0000,13.0000,0.0000,0.0000,0.0000,0.0000,0.0000,0.0000,0.0000,0.0000,0.0000,0.0000,0.0000,0.0000,0.0000,0.0000,0.0000,0.0000,0.0000,0.0000,0.0000,0.0000,0.0000,0.0000,0.0000,0.0000,0.0000,0.0000,0.0000,0.0000,59.4776,684.1196,2.2060,2.6349,4.4047
3015.0000,858.0000,1057.0000,90.0000,620.0000,179.0000,210.0000,16.0000,565.0000,162.0000,203.0000,18.0000,93.0000,30.0000,34.0000,2.0000,0.0000,0.0000,0.0000,0.0000,0.0000,0.0000,0.0000,0.0000,0.0000,0.0000,0.0000,0.0000,0.0000,0.0000,0.0000,0.0000,0.0000,0.0000,0.0000,0.0000,93.8645,1358.6066,3.9555,10.1388,6.8468
2914.0000,794.0000,980.0000,87.0000,527.0000,153.0000,180.0000,12.0000,151.0000,42.0000,49.0000,4.0000,0.0000,0.0000,0.0000,0.0000,0.0000,0.0000,0.0000,0.0000,0.0000,0.0000,0.0000,0.0000,0.0000,0.0000,0.0000,0.0000,0.0000,0.0000,0.0000,0.0000,0.0000,0.0000,0.0000,0.0000,100.5019,1201.6874,5.4563,11.5962,6.5393
4323.0000,1177.0000,1405.0000,34.0000,371.0000,85.0000,106.0000,2.0000,1355.0000,364.0000,431.0000,10.0000,0.0000,0.0000,0.0000,0.0000,0.0000,0.0000,0.0000,0.0000,0.0000,0.0000,0.0000,0.0000,0.0000,0.0000,0.0000,0.0000,0.0000,0.0000,0.0000,0.0000,0.0000,0.0000,0.0000,0.0000,82.3146,1677.9214,2.3688,23.4190,2.5288
2849.0000,740.0000,881.0000,18.0000,145.0000,39.0000,48.0000,1.0000,1254.0000,319.0000,384.0000,8.0000,0.0000,0.0000,0.0000,0.0000,0.0000,0.0000,0.0000,0.0000,0.0000,0.0000,0.0000,0.0000,208.0000,51.0000,59.0000,2.0000,0.0000,0.0000,0.0000,0.0000,0.0000,0.0000,0.0000,0.0000,74.9526,1280.8705,3.8333,14.6484,2.7595
3059.0000,797.0000,977.0000,18.0000,0.0000,0.0000,0.0000,0.0000,961.0000,248.0000,288.0000,5.0000,0.0000,0.0000,0.0000,0.0000,0.0000,0.0000,0.0000,0.0000,0.0000,0.0000,0.0000,0.0000,213.0000,51.0000,61.0000,2.0000,0.0000,0.0000,0.0000,0.0000,0.0000,0.0000,0.0000,0.0000,62.3250,1259.5673,1.7551,28.3367,1.5492
3094.0000,798.0000,992.0000,18.0000,0.0000,0.0000,0.0000,0.0000,1102.0000,283.0000,331.0000,7.0000,0.0000,0.0000,0.0000,0.0000,0.0000,0.0000,0.0000,0.0000,0.0000,0.0000,0.0000,0.0000,216.0000,52.0000,58.0000,2.0000,0.0000,0.0000,0.0000,0.0000,0.0000,0.0000,0.0000,0.0000,74.9452,1348.7877,2.8541,25.4164,1.7296
4291.0000,1090.0000,1360.0000,33.0000,375.0000,77.0000,106.0000,2.0000,925.0000,230.0000,285.0000,7.0000,0.0000,0.0000,0.0000,0.0000,0.0000,0.0000,0.0000,0.0000,0.0000,0.0000,0.0000,0.0000,0.0000,0.0000,0.0000,0.0000,0.0000,0.0000,0.0000,0.0000,0.0000,0.0000,0.0000,0.0000,87.4883,1564.4714,3.4065,38.6187,4.1899
3058.0000,745.0000,781.0000,23.0000,0.0000,0.0000,0.0000,0.0000,595.0000,144.0000,148.0000,5.0000,0.0000,0.0000,0.0000,0.0000,0.0000,0.0000,0.0000,0.0000,0.0000,0.0000,0.0000,0.0000,0.0000,0.0000,0.0000,0.0000,0.0000,0.0000,0.0000,0.0000,0.0000,0.0000,0.0000,0.0000,101.2646,1295.2111,2.3593,72.2783,1.5639
3064.0000,747.0000,786.0000,23.0000,0.0000,0.0000,0.0000,0.0000,441.0000,108.0000,110.0000,5.0000,0.0000,0.0000,0.0000,0.0000,0.0000,0.0000,0.0000,0.0000,0.0000,0.0000,0.0000,0.0000,0.0000,0.0000,0.0000,0.0000,146.0000,37.0000,36.0000,1.0000,0.0000,0.0000,0.0000,0.0000,104.5258,1292.7379,2.5531,79.9007,1.6547
2973.0000,740.0000,759.0000,22.0000,342.0000,89.0000,81.0000,2.0000,230.0000,53.0000,57.0000,2.0000,0.0000,0.0000,0.0000,0.0000,0.0000,0.0000,0.0000,0.0000,0.0000,0.0000,0.0000,0.0000,171.0000,44.0000,45.0000,0.0000,0.0000,0.0000,0.0000,0.0000,0.0000,0.0000,0.0000,0.0000,101.2234,1319.7632,2.7146,86.2181,2.6159
3371.0000,847.0000,862.0000,23.0000,333.0000,87.0000,81.0000,2.0000,423.0000,106.0000,103.0000,2.0000,0.0000,0.0000,0.0000,0.0000,0.0000,0.0000,0.0000,0.0000,0.0000,0.0000,0.0000,0.0000,173.0000,45.0000,45.0000,0.0000,0.0000,0.0000,0.0000,0.0000,0.0000,0.0000,0.0000,0.0000,111.5550,1521.8877,3.5897,94.9994,3.0000
2765.0000,679.0000,714.0000,15.0000,432.0000,106.0000,110.0000,3.0000,229.0000,55.0000,58.0000,2.0000,213.0000,54.0000,60.0000,2.0000,0.0000,0.0000,0.0000,0.0000,425.0000,106.0000,106.0000,0.0000,0.0000,0.0000,0.0000,0.0000,0.0000,0.0000,0.0000,0.0000,0.0000,0.0000,0.0000,0.0000,112.5436,1475.4211,3.0870,55.9492,2.9575
2068.0000,518.0000,610.0000,30.0000,435.0000,104.0000,119.0000,6.0000,208.0000,49.0000,57.0000,3.0000,0.0000,0.0000,0.0000,0.0000,0.0000,0.0000,0.0000,0.0000,0.0000,0.0000,0.0000,0.0000,0.0000,0.0000,0.0000,0.0000,0.0000,0.0000,0.0000,0.0000,0.0000,0.0000,0.0000,0.0000,78.0583,907.4813,3.8389,28.2853,4.8267
2974.0000,740.0000,921.0000,51.0000,380.0000,85.0000,112.0000,6.0000,366.0000,84.0000,116.0000,6.0000,0.0000,0.0000,0.0000,0.0000,0.0000,0.0000,0.0000,0.0000,0.0000,0.0000,0.0000,0.0000,0.0000,0.0000,0.0000,0.0000,0.0000,0.0000,0.0000,0.0000,0.0000,0.0000,0.0000,0.0000,87.4513,1116.1155,2.0250,40.1808,0.5538
3846.0000,991.0000,1252.0000,67.0000,386.0000,99.0000,120.0000,6.0000,331.0000,91.0000,115.0000,7.0000,0.0000,0.0000,0.0000,0.0000,0.0000,0.0000,0.0000,0.0000,0.0000,0.0000,0.0000,0.0000,0.0000,0.0000,0.0000,0.0000,0.0000,0.0000,0.0000,0.0000,0.0000,0.0000,0.0000,0.0000,83.6957,1380.0022,2.4178,55.4364,0.9897
3105.0000,742.0000,951.0000,57.0000,384.0000,90.0000,112.0000,6.0000,296.0000,67.0000,85.0000,7.0000,0.0000,0.0000,0.0000,0.0000,0.0000,0.0000,0.0000,0.0000,0.0000,0.0000,0.0000,0.0000,0.0000,0.0000,0.0000,0.0000,0.0000,0.0000,0.0000,0.0000,0.0000,0.0000,0.0000,0.0000,75.8314,1031.8030,2.3944,36.8842,1.9718
5495.0000,1367.0000,1737.0000,89.0000,197.0000,49.0000,56.0000,3.0000,605.0000,149.0000,193.0000,9.0000,0.0000,0.0000,0.0000,0.0000,0.0000,0.0000,0.0000,0.0000,0.0000,0.0000,0.0000,0.0000,0.0000,0.0000,0.0000,0.0000,0.0000,0.0000,0.0000,0.0000,0.0000,0.0000,0.0000,0.0000,96.3350,1742.9323,2.0281,96.7167,0.0000
3012.0000,770.0000,889.0000,66.0000,454.0000,115.0000,129.0000,9.0000,1374.0000,346.0000,390.0000,29.0000,0.0000,0.0000,0.0000,0.0000,0.0000,0.0000,0.0000,0.0000,0.0000,0.0000,0.0000,0.0000,0.0000,0.0000,0.0000,0.0000,0.0000,0.0000,0.0000,0.0000,0.0000,0.0000,0.0000,0.0000,150.3864,1768.9039,7.5217,25.6787,9.8116
2876.0000,727.0000,842.0000,65.0000,619.0000,161.0000,176.0000,12.0000,1211.0000,305.0000,343.0000,28.0000,0.0000,0.0000,0.0000,0.0000,0.0000,0.0000,0.0000,0.0000,572.0000,145.0000,160.0000,6.0000,0.0000,0.0000,0.0000,0.0000,0.0000,0.0000,0.0000,0.0000,0.0000,0.0000,0.0000,0.0000,144.0088,1935.1765,7.7954,19.3665,9.0003
3043.0000,764.0000,897.0000,66.0000,460.0000,116.0000,132.0000,7.0000,1214.0000,308.0000,346.0000,27.0000,151.0000,38.0000,48.0000,3.0000,0.0000,0.0000,0.0000,0.0000,0.0000,0.0000,0.0000,0.0000,0.0000,0.0000,0.0000,0.0000,0.0000,0.0000,0.0000,0.0000,0.0000,0.0000,0.0000,0.0000,150.9190,1787.3947,9.3193,25.8616,11.0666
2997.0000,761.0000,888.0000,64.0000,941.0000,246.0000,277.0000,17.0000,1214.0000,304.0000,346.0000,28.0000,0.0000,0.0000,0.0000,0.0000,0.0000,0.0000,0.0000,0.0000,0.0000,0.0000,0.0000,0.0000,0.0000,0.0000,0.0000,0.0000,0.0000,0.0000,0.0000,0.0000,0.0000,0.0000,0.0000,0.0000,159.8440,1906.4523,10.2838,12.0552,11.4863
4030.0000,1024.0000,1201.0000,75.0000,848.0000,222.0000,256.0000,15.0000,1050.0000,270.0000,304.0000,22.0000,0.0000,0.0000,0.0000,0.0000,0.0000,0.0000,0.0000,0.0000,81.0000,22.0000,24.0000,2.0000,0.0000,0.0000,0.0000,0.0000,0.0000,0.0000,0.0000,0.0000,0.0000,0.0000,0.0000,0.0000,171.9799,2169.5740,11.3353,41.8823,11.4796
2176.0000,580.0000,560.0000,0.0000,470.0000,124.0000,129.0000,0.0000,438.0000,114.0000,109.0000,0.0000,0.0000,0.0000,0.0000,0.0000,0.0000,0.0000,0.0000,0.0000,0.0000,0.0000,0.0000,0.0000,0.0000,0.0000,0.0000,0.0000,0.0000,0.0000,0.0000,0.0000,0.0000,0.0000,0.0000,0.0000,89.1200,1011.2182,4.0398,20.1253,1.4547
2733.0000,763.0000,787.0000,29.0000,0.0000,0.0000,0.0000,0.0000,617.0000,179.0000,185.0000,5.0000,0.0000,0.0000,0.0000,0.0000,0.0000,0.0000,0.0000,0.0000,0.0000,0.0000,0.0000,0.0000,0.0000,0.0000,0.0000,0.0000,0.0000,0.0000,0.0000,0.0000,0.0000,0.0000,0.0000,0.0000,86.1696,1224.1481,2.8481,36.2973,3.7203
3223.0000,919.0000,966.0000,35.0000,224.0000,67.0000,72.0000,2.0000,596.0000,168.0000,177.0000,5.0000,0.0000,0.0000,0.0000,0.0000,0.0000,0.0000,0.0000,0.0000,0.0000,0.0000,0.0000,0.0000,0.0000,0.0000,0.0000,0.0000,0.0000,0.0000,0.0000,0.0000,0.0000,0.0000,0.0000,0.0000,92.6819,1384.9982,3.5938,32.7901,5.3385
3316.0000,964.0000,1014.0000,39.0000,214.0000,64.0000,66.0000,2.0000,636.0000,181.0000,189.0000,6.0000,0.0000,0.0000,0.0000,0.0000,0.0000,0.0000,0.0000,0.0000,0.0000,0.0000,0.0000,0.0000,0.0000,0.0000,0.0000,0.0000,0.0000,0.0000,0.0000,0.0000,0.0000,0.0000,0.0000,0.0000,105.7636,1439.0846,3.4570,28.6125,4.7158
3869.0000,1098.0000,1172.0000,43.0000,207.0000,63.0000,67.0000,2.0000,829.0000,228.0000,250.0000,8.0000,0.0000,0.0000,0.0000,0.0000,0.0000,0.0000,0.0000,0.0000,0.0000,0.0000,0.0000,0.0000,0.0000,0.0000,0.0000,0.0000,0.0000,0.0000,0.0000,0.0000,0.0000,0.0000,0.0000,0.0000,118.9606,1670.7059,3.0241,33.1027,4.5358
1456.0000,440.0000,423.0000,0.0000,0.0000,0.0000,0.0000,0.0000,1018.0000,310.0000,295.0000,0.0000,0.0000,0.0000,0.0000,0.0000,0.0000,0.0000,0.0000,0.0000,0.0000,0.0000,0.0000,0.0000,0.0000,0.0000,0.0000,0.0000,0.0000,0.0000,0.0000,0.0000,0.0000,0.0000,0.0000,0.0000,67.8261,861.7714,5.5002,7.3602,9.6903
1900.0000,603.0000,551.0000,0.0000,0.0000,0.0000,0.0000,0.0000,1246.0000,398.0000,354.0000,0.0000,0.0000,0.0000,0.0000,0.0000,0.0000,0.0000,0.0000,0.0000,0.0000,0.0000,0.0000,0.0000,0.0000,0.0000,0.0000,0.0000,0.0000,0.0000,0.0000,0.0000,0.0000,0.0000,0.0000,0.0000,86.8120,1099.0262,6.0403,12.0398,9.5796
3172.0000,1005.0000,956.0000,5.0000,196.0000,67.0000,60.0000,0.0000,1228.0000,378.0000,359.0000,1.0000,0.0000,0.0000,0.0000,0.0000,0.0000,0.0000,0.0000,0.0000,0.0000,0.0000,0.0000,0.0000,0.0000,0.0000,0.0000,0.0000,0.0000,0.0000,0.0000,0.0000,0.0000,0.0000,0.0000,0.0000,129.8901,1682.9431,7.0879,47.2388,10.3406
3146.0000,1014.0000,965.0000,4.0000,0.0000,0.0000,0.0000,0.0000,1248.0000,374.0000,367.0000,1.0000,0.0000,0.0000,0.0000,0.0000,0.0000,0.0000,0.0000,0.0000,0.0000,0.0000,0.0000,0.0000,0.0000,0.0000,0.0000,0.0000,0.0000,0.0000,0.0000,0.0000,0.0000,0.0000,0.0000,0.0000,124.8993,1589.8550,7.0637,53.5681,9.4734
3046.0000,979.0000,891.0000,0.0000,0.0000,0.0000,0.0000,0.0000,1404.0000,433.0000,414.0000,0.0000,0.0000,0.0000,0.0000,0.0000,0.0000,0.0000,0.0000,0.0000,0.0000,0.0000,0.0000,0.0000,0.0000,0.0000,0.0000,0.0000,0.0000,0.0000,0.0000,0.0000,0.0000,0.0000,0.0000,0.0000,112.3422,1556.1581,7.7105,45.2279,9.6203
1627.0000,425.0000,386.0000,0.0000,396.0000,103.0000,98.0000,0.0000,565.0000,144.0000,131.0000,0.0000,0.0000,0.0000,0.0000,0.0000,0.0000,0.0000,0.0000,0.0000,0.0000,0.0000,0.0000,0.0000,0.0000,0.0000,0.0000,0.0000,0.0000,0.0000,0.0000,0.0000,0.0000,0.0000,0.0000,0.0000,71.9797,833.4700,2.8498,15.4616,3.9268
2837.0000,729.0000,623.0000,0.0000,422.0000,104.0000,91.0000,0.0000,600.0000,148.0000,130.0000,0.0000,0.0000,0.0000,0.0000,0.0000,0.0000,0.0000,0.0000,0.0000,0.0000,0.0000,0.0000,0.0000,0.0000,0.0000,0.0000,0.0000,0.0000,0.0000,0.0000,0.0000,0.0000,0.0000,0.0000,0.0000,83.9174,1195.0416,3.3163,41.1424,3.9010
3616.0000,953.0000,822.0000,0.0000,612.0000,162.0000,147.0000,0.0000,630.0000,169.0000,153.0000,0.0000,168.0000,39.0000,33.0000,0.0000,0.0000,0.0000,0.0000,0.0000,0.0000,0.0000,0.0000,0.0000,0.0000,0.0000,0.0000,0.0000,0.0000,0.0000,0.0000,0.0000,0.0000,0.0000,0.0000,0.0000,118.5389,1633.8386,5.5942,56.5418,5.0721
3072.0000,770.0000,690.0000,0.0000,533.0000,132.0000,125.0000,0.0000,642.0000,161.0000,152.0000,0.0000,163.0000,38.0000,33.0000,0.0000,0.0000,0.0000,0.0000,0.0000,0.0000,0.0000,0.0000,0.0000,0.0000,0.0000,0.0000,0.0000,0.0000,0.0000,0.0000,0.0000,0.0000,0.0000,0.0000,0.0000,98.8260,1375.2537,3.8504,36.6789,4.0000
3228.0000,824.0000,724.0000,0.0000,544.0000,138.0000,123.0000,0.0000,571.0000,144.0000,131.0000,0.0000,164.0000,38.0000,34.0000,0.0000,0.0000,0.0000,0.0000,0.0000,0.0000,0.0000,0.0000,0.0000,0.0000,0.0000,0.0000,0.0000,0.0000,0.0000,0.0000,0.0000,0.0000,0.0000,0.0000,0.0000,115.8881,1451.4664,5.0081,49.5273,3.9737
1438.0000,349.0000,354.0000,23.0000,0.0000,0.0000,0.0000,0.0000,272.0000,63.0000,68.0000,6.0000,0.0000,0.0000,0.0000,0.0000,0.0000,0.0000,0.0000,0.0000,0.0000,0.0000,0.0000,0.0000,0.0000,0.0000,0.0000,0.0000,0.0000,0.0000,0.0000,0.0000,0.0000,0.0000,0.0000,0.0000,20.3674,453.5648,0.2905,26.3266,0.0000
2592.0000,598.0000,623.0000,42.0000,0.0000,0.0000,0.0000,0.0000,304.0000,68.0000,79.0000,5.0000,0.0000,0.0000,0.0000,0.0000,0.0000,0.0000,0.0000,0.0000,0.0000,0.0000,0.0000,0.0000,0.0000,0.0000,0.0000,0.0000,0.0000,0.0000,0.0000,0.0000,0.0000,0.0000,0.0000,0.0000,37.5648,765.8167,0.6417,76.1827,0.0000
2865.0000,682.0000,702.0000,49.0000,0.0000,0.0000,0.0000,0.0000,241.0000,64.0000,68.0000,3.0000,0.0000,0.0000,0.0000,0.0000,0.0000,0.0000,0.0000,0.0000,0.0000,0.0000,0.0000,0.0000,0.0000,0.0000,0.0000,0.0000,0.0000,0.0000,0.0000,0.0000,0.0000,0.0000,0.0000,0.0000,46.6901,816.4697,1.0124,89.2648,0.8294
3149.0000,751.0000,796.0000,53.0000,0.0000,0.0000,0.0000,0.0000,206.0000,55.0000,61.0000,4.0000,0.0000,0.0000,0.0000,0.0000,0.0000,0.0000,0.0000,0.0000,0.0000,0.0000,0.0000,0.0000,0.0000,0.0000,0.0000,0.0000,0.0000,0.0000,0.0000,0.0000,0.0000,0.0000,0.0000,0.0000,49.9248,868.7796,1.2083,84.4246,0.7031
3633.0000,859.0000,886.0000,57.0000,0.0000,0.0000,0.0000,0.0000,212.0000,58.0000,62.0000,4.0000,0.0000,0.0000,0.0000,0.0000,0.0000,0.0000,0.0000,0.0000,0.0000,0.0000,0.0000,0.0000,0.0000,0.0000,0.0000,0.0000,0.0000,0.0000,0.0000,0.0000,0.0000,0.0000,0.0000,0.0000,55.2713,1017.7612,0.7531,102.2329,0.0000
1349.0000,317.0000,352.0000,7.0000,149.0000,39.0000,42.0000,1.0000,530.0000,130.0000,140.0000,3.0000,161.0000,43.0000,48.0000,1.0000,0.0000,0.0000,0.0000,0.0000,0.0000,0.0000,0.0000,0.0000,0.0000,0.0000,0.0000,0.0000,0.0000,0.0000,0.0000,0.0000,0.0000,0.0000,0.0000,0.0000,55.7747,807.2994,1.8148,14.6271,1.5310
1818.0000,462.0000,484.0000,10.0000,152.0000,42.0000,41.0000,1.0000,858.0000,222.0000,236.0000,5.0000,158.0000,43.0000,46.0000,1.0000,0.0000,0.0000,0.0000,0.0000,0.0000,0.0000,0.0000,0.0000,0.0000,0.0000,0.0000,0.0000,0.0000,0.0000,0.0000,0.0000,0.0000,0.0000,0.0000,0.0000,72.4625,1052.8066,4.2525,15.6913,2.7677
4358.0000,1038.0000,1176.0000,19.0000,393.0000,98.0000,121.0000,1.0000,569.0000,152.0000,182.0000,1.0000,188.0000,43.0000,48.0000,1.0000,0.0000,0.0000,0.0000,0.0000,0.0000,0.0000,0.0000,0.0000,0.0000,0.0000,0.0000,0.0000,0.0000,0.0000,0.0000,0.0000,0.0000,0.0000,0.0000,0.0000,125.6198,1934.3258,3.5722,57.8241,2.4351
1847.0000,457.0000,500.0000,11.0000,311.0000,81.0000,94.0000,2.0000,949.0000,241.0000,267.0000,5.0000,151.0000,42.0000,46.0000,1.0000,0.0000,0.0000,0.0000,0.0000,0.0000,0.0000,0.0000,0.0000,0.0000,0.0000,0.0000,0.0000,0.0000,0.0000,0.0000,0.0000,0.0000,0.0000,0.0000,0.0000,71.9213,1160.1566,4.9402,13.0704,5.4729
4832.0000,1212.0000,1305.0000,23.0000,547.0000,123.0000,155.0000,2.0000,900.0000,236.0000,256.0000,5.0000,0.0000,0.0000,0.0000,0.0000,163.0000,46.0000,44.0000,1.0000,0.0000,0.0000,0.0000,0.0000,178.0000,41.0000,48.0000,1.0000,87.0000,26.0000,23.0000,0.0000,0.0000,0.0000,0.0000,0.0000,162.4727,2348.8865,6.7223,60.2997,4.0215
1228.0000,361.0000,296.0000,28.0000,311.0000,85.0000,75.0000,8.0000,1031.0000,335.0000,278.0000,22.0000,0.0000,0.0000,0.0000,0.0000,69.0000,29.0000,21.0000,1.0000,0.0000,0.0000,0.0000,0.0000,0.0000,0.0000,0.0000,0.0000,0.0000,0.0000,0.0000,0.0000,0.0000,0.0000,0.0000,0.0000,38.4538,874.5959,1.5193,2.1972,2.1228
1524.0000,484.0000,384.0000,31.0000,387.0000,113.0000,99.0000,9.0000,722.0000,221.0000,194.0000,17.0000,0.0000,0.0000,0.0000,0.0000,0.0000,0.0000,0.0000,0.0000,0.0000,0.0000,0.0000,0.0000,0.0000,0.0000,0.0000,0.0000,0.0000,0.0000,0.0000,0.0000,0.0000,0.0000,0.0000,0.0000,40.5570,836.8985,1.7762,2.1703,2.8179
1228.0000,343.0000,299.0000,29.0000,313.0000,80.0000,77.0000,8.0000,1246.0000,362.0000,336.0000,25.0000,0.0000,0.0000,0.0000,0.0000,142.0000,47.0000,41.0000,3.0000,0.0000,0.0000,0.0000,0.0000,0.0000,0.0000,0.0000,0.0000,0.0000,0.0000,0.0000,0.0000,0.0000,0.0000,0.0000,0.0000,62.0491,980.6900,4.9961,2.2860,6.2001
1083.0000,340.0000,322.0000,34.0000,561.0000,168.0000,168.0000,18.0000,1181.0000,378.0000,341.0000,23.0000,0.0000,0.0000,0.0000,0.0000,261.0000,87.0000,75.0000,4.0000,0.0000,0.0000,0.0000,0.0000,0.0000,0.0000,0.0000,0.0000,0.0000,0.0000,0.0000,0.0000,0.0000,0.0000,0.0000,0.0000,88.7855,1110.2179,5.4798,0.0000,7.8365
2414.0000,726.0000,657.0000,62.0000,868.0000,253.0000,244.0000,26.0000,2088.0000,683.0000,596.0000,38.0000,0.0000,0.0000,0.0000,0.0000,386.0000,142.0000,118.0000,7.0000,0.0000,0.0000,0.0000,0.0000,0.0000,0.0000,0.0000,0.0000,0.0000,0.0000,0.0000,0.0000,0.0000,0.0000,0.0000,0.0000,106.4754,1921.2786,4.3310,4.3479,6.2242
